experiment,case,threads,variant,repeat,iterations,job_kib,depth,scale,ns,cpu_core/cycles/u,cpu_core/instructions/u,cpu_atom/cycles/u,cpu_atom/instructions/u
main,i64_d1_fixed_precision,2,double,0,29,64,16,1,1927890.448275862,11850093.448275862,61981146.20689655,0.0,0.0
main,i64_d1_fixed_precision,2,queue,0,29,64,16,1,2099998.3448275863,13898934.655172413,61498411.62068965,0.0,0.0
main,i64_d1_fixed_precision,2,queue,1,29,64,16,1,2130865.2413793104,13869340.931034483,61496044.5862069,0.0,0.0
main,i64_d1_fixed_precision,2,double,1,29,64,16,1,2065124.6896551724,11864575.379310345,61967459.24137931,0.0,0.0
main,i64_d1_fixed_precision,2,double,2,29,64,16,1,2115285.620689655,11866922.379310345,61959543.93103448,0.0,0.0
main,i64_d1_fixed_precision,2,queue,2,29,64,16,1,2243146.3103448274,13543244.24137931,61416165.862068966,0.0,0.0
main,i64_d1_fixed_precision,4,double,0,46,64,16,1,2213701.086956522,20724387.695652176,65361255.41304348,0.0,0.0
main,i64_d1_fixed_precision,4,queue,0,46,64,16,1,2215042.565217391,17788113.04347826,66841419.39130435,0.0,0.0
main,i64_d1_fixed_precision,4,queue,1,46,64,16,1,2225043.7608695654,17997326.47826087,67122383.69565217,0.0,0.0
main,i64_d1_fixed_precision,4,double,1,46,64,16,1,2276569.3913043477,21218925.760869566,65396578.73913044,0.0,0.0
main,i64_d1_fixed_precision,4,double,2,46,64,16,1,2290682.5,20750835.108695652,65270754.04347826,0.0,0.0
main,i64_d1_fixed_precision,4,queue,2,46,64,16,1,2253611.065217391,18086647.52173913,67132023.82608695,0.0,0.0
main,i64_d1_fixed_precision,8,double,0,48,64,16,1,2419051.0416666665,20868272.833333332,59377815.8125,12735310.729166666,15993523.458333334
main,i64_d1_fixed_precision,8,queue,0,48,64,16,1,2349568.125,20237406.4375,67014486.0625,6884729.333333333,10490784.416666666
main,i64_d1_fixed_precision,8,queue,1,48,64,16,1,2317213.5625,20283973.291666668,67034079.958333336,6759204.25,10255441.229166666
main,i64_d1_fixed_precision,8,double,1,48,64,16,1,2517404.9166666665,21503486.125,59077954.416666664,13428576.520833334,16598100.479166666
main,i64_d1_fixed_precision,8,double,2,48,64,16,1,2679767.1458333335,22043128.291666668,59553600.541666664,14349277.541666666,16109114.0
main,i64_d1_fixed_precision,8,queue,2,48,64,16,1,2389420.9166666665,20189161.104166668,66915090.104166664,6807578.770833333,10492909.541666666
main,i64_d3_fixed_precision,2,double,0,99,64,16,1,1062767.8484848484,5378434.606060606,10189609.06060606,0.0,0.0
main,i64_d3_fixed_precision,2,queue,0,99,64,16,1,670078.3939393939,5212987.303030303,9756010.565656565,0.0,0.0
main,i64_d3_fixed_precision,2,queue,1,99,64,16,1,663303.5252525252,5200318.595959596,9754419.030303031,0.0,0.0
main,i64_d3_fixed_precision,2,double,1,99,64,16,1,1049238.1616161617,5400591.393939394,10193158.525252525,0.0,0.0
main,i64_d3_fixed_precision,2,double,2,99,64,16,1,1041257.1515151515,5378410.131313131,10193302.777777778,0.0,0.0
main,i64_d3_fixed_precision,2,queue,2,99,64,16,1,662832.6767676767,5219981.828282828,9755027.656565657,0.0,0.0
main,i64_d3_fixed_precision,4,double,0,185,64,16,1,505391.7081081081,6079788.670270271,10234105.875675676,0.0,0.0
main,i64_d3_fixed_precision,4,queue,0,185,64,16,1,492163.4972972973,6884060.616216216,10310158.637837838,0.0,0.0
main,i64_d3_fixed_precision,4,queue,1,185,64,16,1,489089.8702702703,6850263.405405405,10281100.972972972,0.0,0.0
main,i64_d3_fixed_precision,4,double,1,185,64,16,1,517833.74054054054,6132407.054054054,10241862.021621622,0.0,0.0
main,i64_d3_fixed_precision,4,double,2,185,64,16,1,515716.4324324324,6116663.810810811,10234628.194594594,0.0,0.0
main,i64_d3_fixed_precision,4,queue,2,185,64,16,1,514612.627027027,6977714.427027027,10351101.518918918,0.0,0.0
main,i64_d3_fixed_precision,8,double,0,171,64,16,1,596951.1871345029,6061882.497076023,8438167.666666666,4949608.7894736845,4846531.157894737
main,i64_d3_fixed_precision,8,queue,0,171,64,16,1,517122.69590643275,6564779.350877193,9520136.058479533,3454928.7251461986,4063283.6666666665
main,i64_d3_fixed_precision,8,queue,1,171,64,16,1,522937.15204678365,6307425.467836257,9316475.16374269,3435358.1461988306,4075856.543859649
main,i64_d3_fixed_precision,8,double,1,171,64,16,1,728701.461988304,5720129.292397661,7269845.309941521,6049104.152046784,7908535.7894736845
main,i64_d3_fixed_precision,8,double,2,171,64,16,1,578250.6257309942,6012749.847953216,8381480.280701755,5045455.175438597,4973350.637426901
main,i64_d3_fixed_precision,8,queue,2,171,64,16,1,533912.538011696,6575285.479532164,9532400.210526315,3466415.83625731,4011606.2748538014
main,f64_d4_fixed_precision,2,double,0,32,64,16,1,3261235.21875,15598498.8125,62311637.25,0.0,0.0
main,f64_d4_fixed_precision,2,queue,0,32,64,16,1,2260519.6875,16651319.28125,61964626.34375,0.0,0.0
main,f64_d4_fixed_precision,2,queue,1,32,64,16,1,2257973.03125,16656542.46875,61967882.0625,0.0,0.0
main,f64_d4_fixed_precision,2,double,1,32,64,16,1,3186566.4375,15735507.0,62317341.125,0.0,0.0
main,f64_d4_fixed_precision,2,double,2,32,64,16,1,3622602.1875,17698883.8125,62328559.96875,0.0,0.0
main,f64_d4_fixed_precision,2,queue,2,32,64,16,1,2236586.4375,16658953.15625,61967941.0,0.0,0.0
main,f64_d4_fixed_precision,4,double,0,83,64,16,1,1203836.9638554216,16530022.638554217,62669424.48192771,0.0,0.0
main,f64_d4_fixed_precision,4,queue,0,83,64,16,1,1202647.1084337349,17443109.14457831,62094220.686746985,0.0,0.0
main,f64_d4_fixed_precision,4,queue,1,83,64,16,1,1218474.78313253,17405829.44578313,62089685.48192771,0.0,0.0
main,f64_d4_fixed_precision,4,double,1,83,64,16,1,1585848.4939759036,18005131.277108435,63846821.807228915,0.0,0.0
main,f64_d4_fixed_precision,4,double,2,83,64,16,1,1335756.9156626507,16727094.180722892,62779491.45783132,0.0,0.0
main,f64_d4_fixed_precision,4,queue,2,83,64,16,1,1218972.3373493976,17422047.457831327,62099249.38554217,0.0,0.0
main,f64_d4_fixed_precision,8,double,0,82,64,16,1,1478230.1219512196,14470029.890243903,38589497.12195122,12287028.195121951,30660193.841463413
main,f64_d4_fixed_precision,8,queue,0,82,64,16,1,1251855.0975609757,15364073.134146342,46825422.182926826,8671658.975609757,21777997.024390243
main,f64_d4_fixed_precision,8,queue,1,82,64,16,1,1296398.8780487804,15482036.707317073,46506970.17073171,8923906.719512194,22364168.69512195
main,f64_d4_fixed_precision,8,double,1,82,64,16,1,1615362.6341463414,14484997.0,39815829.12195122,11826448.280487806,29600694.17073171
main,f64_d4_fixed_precision,8,double,2,82,64,16,1,1415661.536585366,14401968.292682927,39077487.76829268,12030536.658536585,30196816.414634146
main,f64_d4_fixed_precision,8,queue,2,82,64,16,1,1307147.3536585367,15575201.56097561,44619810.914634146,9266640.475609757,23857195.926829267
main,i32_d4_fixed_precision,2,double,0,49,64,16,1,2104610.326530612,8553316.204081632,35732176.95918367,0.0,0.0
main,i32_d4_fixed_precision,2,queue,0,49,64,16,1,1274785.530612245,8781145.081632653,35532692.95918367,0.0,0.0
main,i32_d4_fixed_precision,2,queue,1,49,64,16,1,1263735.2653061224,8801037.714285715,35533378.63265306,0.0,0.0
main,i32_d4_fixed_precision,2,double,1,49,64,16,1,2014771.448979592,8573414.897959184,35729360.87755102,0.0,0.0
main,i32_d4_fixed_precision,2,double,2,49,64,16,1,2001524.7346938776,8563449.489795918,35728448.32653061,0.0,0.0
main,i32_d4_fixed_precision,2,queue,2,49,64,16,1,1236041.163265306,8777195.224489795,35532508.14285714,0.0,0.0
main,i32_d4_fixed_precision,4,double,0,126,64,16,1,851419.5634920635,9221002.849206349,36324212.56349207,0.0,0.0
main,i32_d4_fixed_precision,4,queue,0,126,64,16,1,673087.119047619,8972895.341269841,35634717.81746032,0.0,0.0
main,i32_d4_fixed_precision,4,queue,1,126,64,16,1,676192.9206349206,8968906.03968254,35628299.166666664,0.0,0.0
main,i32_d4_fixed_precision,4,double,1,126,64,16,1,883677.753968254,9197834.317460317,36347114.03968254,0.0,0.0
main,i32_d4_fixed_precision,4,double,2,126,64,16,1,976490.1587301587,9186756.436507937,36328654.32539683,0.0,0.0
main,i32_d4_fixed_precision,4,queue,2,126,64,16,1,982582.9365079365,8992905.047619049,35608377.222222224,0.0,0.0
main,i32_d4_fixed_precision,8,double,0,98,64,16,1,1504137.0102040817,7194143.683673469,21931667.265306123,5902993.653061224,16801514.81632653
main,i32_d4_fixed_precision,8,queue,0,98,64,16,1,615296.1836734693,6155921.6122448975,22099714.285714287,4879135.632653061,15479282.908163264
main,i32_d4_fixed_precision,8,queue,1,98,64,16,1,567586.0612244898,6335531.806122449,22443125.785714287,4897119.285714285,15238749.122448979
main,i32_d4_fixed_precision,8,double,1,98,64,16,1,721801.6020408163,6640609.0,19851025.591836736,6314146.714285715,18414944.295918368
main,i32_d4_fixed_precision,8,double,2,98,64,16,1,812177.612244898,6900509.959183673,20537872.653061226,6239726.918367347,18071045.01020408
main,i32_d4_fixed_precision,8,queue,2,98,64,16,1,565078.724489796,6292190.918367347,22498552.37755102,4798189.5612244895,15167822.091836736
main,f32_d3_fixed_precision,2,double,0,27,64,16,1,2097352.407407407,11205132.777777778,52298931.40740741,0.0,0.0
main,f32_d3_fixed_precision,2,queue,0,27,64,16,1,1687560.2962962964,11016247.407407407,52170592.14814815,0.0,0.0
main,f32_d3_fixed_precision,2,queue,1,27,64,16,1,1688824.4074074074,11027776.444444444,52170044.074074075,0.0,0.0
main,f32_d3_fixed_precision,2,double,1,27,64,16,1,2010748.0,11186373.888888888,52297716.481481485,0.0,0.0
main,f32_d3_fixed_precision,2,double,2,27,64,16,1,1999309.3703703703,11192542.703703703,52292962.74074074,0.0,0.0
main,f32_d3_fixed_precision,2,queue,2,27,64,16,1,1663511.962962963,10991548.555555556,52170506.518518515,0.0,0.0
main,f32_d3_fixed_precision,4,double,0,85,64,16,1,1445649.4470588234,11963827.45882353,53046411.54117647,0.0,0.0
main,f32_d3_fixed_precision,4,queue,0,85,64,16,1,1462458.4470588234,12666818.88235294,54739566.30588235,0.0,0.0
main,f32_d3_fixed_precision,4,queue,1,85,64,16,1,1512118.0235294118,12741656.764705881,54851306.988235295,0.0,0.0
main,f32_d3_fixed_precision,4,double,1,85,64,16,1,1535955.3411764705,11916392.729411764,53047611.0,0.0,0.0
main,f32_d3_fixed_precision,4,double,2,85,64,16,1,1542606.5764705883,11911576.188235294,53035737.64705882,0.0,0.0
main,f32_d3_fixed_precision,4,queue,2,85,64,16,1,1532918.3058823529,12750087.364705883,54830236.21176471,0.0,0.0
main,f32_d3_fixed_precision,8,double,0,74,64,16,1,1670220.2027027027,10853239.824324325,38497859.45945946,6333926.513513514,18824537.054054055
main,f32_d3_fixed_precision,8,queue,0,74,64,16,1,1540745.1351351351,12453548.486486487,49367730.0,2935268.945945946,8742312.81081081
main,f32_d3_fixed_precision,8,queue,1,74,64,16,1,1585533.5135135136,9532136.283783784,34681751.2027027,6170743.216216216,23674367.891891893
main,f32_d3_fixed_precision,8,double,1,74,64,16,1,1670227.2162162163,10868389.594594594,38891217.75675676,6303825.567567567,18372547.945945945
main,f32_d3_fixed_precision,8,double,2,74,64,16,1,1798682.3378378379,10976022.432432432,38825465.72972973,6313413.621621622,18432644.54054054
main,f32_d3_fixed_precision,8,queue,2,74,64,16,1,1556339.4594594594,12881078.486486487,51118375.5945946,2711647.0,7115638.662162162
main,f64_d4_reversible,2,double,0,17,64,16,1,4536556.529411765,25456181.529411763,110107685.64705883,0.0,0.0
main,f64_d4_reversible,2,queue,0,17,64,16,1,3917998.9411764704,25503792.82352941,109759309.64705883,0.0,0.0
main,f64_d4_reversible,2,queue,1,17,64,16,1,3896428.705882353,25502996.470588237,109756441.58823529,0.0,0.0
main,f64_d4_reversible,2,double,1,17,64,16,1,4399024.882352941,25422565.11764706,110099121.8235294,0.0,0.0
main,f64_d4_reversible,2,double,2,17,64,16,1,4408328.176470588,25414700.11764706,110124350.29411764,0.0,0.0
main,f64_d4_reversible,2,queue,2,17,64,16,1,3903852.6470588236,25502002.94117647,109761438.64705883,0.0,0.0
main,f64_d4_reversible,4,double,0,33,64,16,1,3465744.1818181816,26669276.939393938,111725701.21212122,0.0,0.0
main,f64_d4_reversible,4,queue,0,33,64,16,1,3645865.212121212,30361252.21212121,114787759.51515152,0.0,0.0
main,f64_d4_reversible,4,queue,1,33,64,16,1,3671492.878787879,30246117.060606062,114827651.54545455,0.0,0.0
main,f64_d4_reversible,4,double,1,33,64,16,1,3562602.9696969697,26683144.0,111803666.3030303,0.0,0.0
main,f64_d4_reversible,4,double,2,33,64,16,1,3642359.515151515,26897867.03030303,111755754.87878788,0.0,0.0
main,f64_d4_reversible,4,queue,2,33,64,16,1,3694717.3333333335,30201590.303030305,114824458.45454545,0.0,0.0
main,f64_d4_reversible,8,double,0,31,64,16,1,3916880.419354839,24234211.70967742,80410656.64516129,16484971.322580645,39624660.548387095
main,f64_d4_reversible,8,queue,0,31,64,16,1,3984545.1612903224,21659456.51612903,71474248.77419356,14771875.064516129,50309527.09677419
main,f64_d4_reversible,8,queue,1,31,64,16,1,3775923.580645161,31115466.225806452,114394088.16129032,4004789.64516129,6891614.806451613
main,f64_d4_reversible,8,double,1,31,64,16,1,3825121.64516129,24088728.419354837,80879313.32258065,16424929.741935484,39094751.548387095
main,f64_d4_reversible,8,double,2,31,64,16,1,3986009.0967741935,24655100.29032258,82867759.03225806,15886814.741935484,37208348.741935484
main,f64_d4_reversible,8,queue,2,31,64,16,1,3774794.0322580645,31267081.51612903,114870540.09677419,3878513.129032258,6407091.29032258
main,f32_d1_fixed_precision,2,double,0,10,64,16,1,18789814.6,67898040.7,363265452.9,0.0,0.0
main,f32_d1_fixed_precision,2,queue,0,10,64,16,1,19675266.4,70908530.3,364944119.4,0.0,0.0
main,f32_d1_fixed_precision,2,queue,1,10,64,16,1,19520142.3,70912850.7,364802485.1,0.0,0.0
main,f32_d1_fixed_precision,2,double,1,10,64,16,1,18788641.3,68306759.2,363239911.2,0.0,0.0
main,f32_d1_fixed_precision,2,double,2,10,64,16,1,18396453.5,68288697.4,363260574.1,0.0,0.0
main,f32_d1_fixed_precision,2,queue,2,10,64,16,1,19215125.5,70927129.7,364933734.3,0.0,0.0
main,f32_d1_fixed_precision,4,double,0,10,64,16,1,19988030.9,69956413.5,365928473.5,0.0,0.0
main,f32_d1_fixed_precision,4,queue,0,10,64,16,1,18637117.5,74756196.4,371928987.1,0.0,0.0
main,f32_d1_fixed_precision,4,queue,1,10,64,16,1,18031277.5,75080887.5,372004450.0,0.0,0.0
main,f32_d1_fixed_precision,4,double,1,10,64,16,1,17731925.9,70413138.2,366832977.4,0.0,0.0
main,f32_d1_fixed_precision,4,double,2,10,64,16,1,17573740.4,70344045.6,366814756.8,0.0,0.0
main,f32_d1_fixed_precision,4,queue,2,10,64,16,1,17011433.2,75003686.2,372034640.9,0.0,0.0
main,f32_d1_fixed_precision,8,double,0,10,64,16,1,18533261.4,71780343.0,354813607.5,10028354.1,21209770.6
main,f32_d1_fixed_precision,8,queue,0,10,64,16,1,18197690.8,76504009.0,376367496.8,578100.2,1215911.8
main,f32_d1_fixed_precision,8,queue,1,10,64,16,1,18096069.9,76785964.7,377159607.3,336853.0,591039.9
main,f32_d1_fixed_precision,8,double,1,10,64,16,1,18052519.7,71075664.3,353806136.3,10396685.9,22279922.5
main,f32_d1_fixed_precision,8,double,2,10,64,16,1,18726128.1,71998413.5,354580096.7,10935205.8,22050837.3
main,f32_d1_fixed_precision,8,queue,2,10,64,16,1,18072455.3,76509398.8,374959493.1,1133285.5,2490841.9
main,i32_d1_fixed_precision,2,double,0,21,64,16,1,5234780.0,22013804.666666668,125997638.76190476,0.0,0.0
main,i32_d1_fixed_precision,2,queue,0,21,64,16,1,5168926.714285715,23029486.61904762,126871054.95238096,0.0,0.0
main,i32_d1_fixed_precision,2,queue,1,21,64,16,1,5205612.095238095,23032769.14285714,126865843.95238096,0.0,0.0
main,i32_d1_fixed_precision,2,double,1,21,64,16,1,5253268.0,21877245.14285714,125998209.42857143,0.0,0.0
main,i32_d1_fixed_precision,2,double,2,21,64,16,1,5295420.047619048,22064129.0,125997613.66666667,0.0,0.0
main,i32_d1_fixed_precision,2,queue,2,21,64,16,1,5185574.285714285,23069501.666666668,126866484.61904761,0.0,0.0
main,i32_d1_fixed_precision,4,double,0,22,64,16,1,5160802.0,27151194.681818184,128477511.5909091,0.0,0.0
main,i32_d1_fixed_precision,4,queue,0,22,64,16,1,5118448.954545454,26942939.40909091,133896189.5909091,0.0,0.0
main,i32_d1_fixed_precision,4,queue,1,22,64,16,1,5184248.090909091,27164095.363636363,133893495.0909091,0.0,0.0
main,i32_d1_fixed_precision,4,double,1,22,64,16,1,4953516.863636363,27287109.318181816,128402761.04545455,0.0,0.0
main,i32_d1_fixed_precision,4,double,2,22,64,16,1,5099437.409090909,27288880.272727273,128504616.27272727,0.0,0.0
main,i32_d1_fixed_precision,4,queue,2,22,64,16,1,5179587.2272727275,27124422.181818184,133866538.0909091,0.0,0.0
main,i32_d1_fixed_precision,8,double,0,20,64,16,1,5781869.3,29611165.75,116598613.15,12004908.9,19892896.25
main,i32_d1_fixed_precision,8,queue,0,20,64,16,1,5172140.25,29196038.55,138772402.0,402828.15,767092.4
main,i32_d1_fixed_precision,8,queue,1,20,64,16,1,5239397.35,29311971.8,137558471.4,944673.2,1782909.25
main,i32_d1_fixed_precision,8,double,1,20,64,16,1,5570509.85,29937523.95,116394532.3,12293104.75,20165928.65
main,i32_d1_fixed_precision,8,double,2,20,64,16,1,5533317.05,29126645.25,116542999.45,11381613.65,19732831.85
main,i32_d1_fixed_precision,8,queue,2,20,64,16,1,5224087.8,28954717.35,135963176.8,1493128.4,3165356.6
main,i32_d1_reversible,2,double,0,10,64,16,1,10631080.1,38170371.7,237407073.8,0.0,0.0
main,i32_d1_reversible,2,queue,0,10,64,16,1,10330071.9,39279005.5,238269444.7,0.0,0.0
main,i32_d1_reversible,2,queue,1,10,64,16,1,10503329.3,39513041.6,238286130.3,0.0,0.0
main,i32_d1_reversible,2,double,1,10,64,16,1,10434837.8,37851906.2,237404370.1,0.0,0.0
main,i32_d1_reversible,2,double,2,10,64,16,1,10493193.4,37922008.2,237391986.6,0.0,0.0
main,i32_d1_reversible,2,queue,2,10,64,16,1,10397188.4,39532380.7,238280779.1,0.0,0.0
main,i32_d1_reversible,4,double,0,11,64,16,1,9973703.090909092,42065675.27272727,240602035.27272728,0.0,0.0
main,i32_d1_reversible,4,queue,0,11,64,16,1,9924969.181818182,42811397.72727273,245345097.8181818,0.0,0.0
main,i32_d1_reversible,4,queue,1,11,64,16,1,9989707.636363637,42800924.27272727,245308188.45454547,0.0,0.0
main,i32_d1_reversible,4,double,1,11,64,16,1,10061612.727272727,42158053.72727273,240537906.27272728,0.0,0.0
main,i32_d1_reversible,4,double,2,11,64,16,1,9969852.090909092,42103610.36363637,240634971.9090909,0.0,0.0
main,i32_d1_reversible,4,queue,2,11,64,16,1,9932519.909090908,42978172.81818182,245092526.8181818,0.0,0.0
main,i32_d1_reversible,8,double,0,10,64,16,1,10868921.1,45956338.8,230708105.6,11532523.4,18250053.5
main,i32_d1_reversible,8,queue,0,10,64,16,1,10438912.4,43936516.2,246031380.4,1989178.5,3831243.3
main,i32_d1_reversible,8,queue,1,10,64,16,1,10759121.4,43412311.2,243719572.2,2767324.6,6140920.8
main,i32_d1_reversible,8,double,1,10,64,16,1,10873977.9,45957257.8,230436080.6,11812302.0,18301335.6
main,i32_d1_reversible,8,double,2,10,64,16,1,10611316.9,46388696.8,230725399.3,11917385.3,18157863.7
main,i32_d1_reversible,8,queue,2,10,64,16,1,10057901.2,45005026.8,249293199.7,872591.7,1452463.1
main,i32_d2_fixed_precision,2,double,0,55,64,16,1,2054366.9272727272,11230341.781818181,68180474.6,0.0,0.0
main,i32_d2_fixed_precision,2,queue,0,55,64,16,1,1763709.8545454545,11294293.054545455,67699847.52727273,0.0,0.0
main,i32_d2_fixed_precision,2,queue,1,55,64,16,1,1739624.4545454546,11211314.581818182,67708738.47272727,0.0,0.0
main,i32_d2_fixed_precision,2,double,1,55,64,16,1,2085008.018181818,11263431.054545455,68181528.9090909,0.0,0.0
main,i32_d2_fixed_precision,2,double,2,55,64,16,1,2084502.8909090909,11253485.6,68187998.50909092,0.0,0.0
main,i32_d2_fixed_precision,2,queue,2,55,64,16,1,1739977.9090909092,11195968.327272728,67700711.18181819,0.0,0.0
main,i32_d2_fixed_precision,4,double,0,65,64,16,1,1598399.1384615384,12187159.430769231,69285628.96923077,0.0,0.0
main,i32_d2_fixed_precision,4,queue,0,65,64,16,1,1631474.1076923078,13333751.753846154,71019544.58461538,0.0,0.0
main,i32_d2_fixed_precision,4,queue,1,65,64,16,1,1659316.1384615384,13326849.36923077,71048073.27692308,0.0,0.0
main,i32_d2_fixed_precision,4,double,1,65,64,16,1,1648271.0615384616,12247913.692307692,69281212.23076923,0.0,0.0
main,i32_d2_fixed_precision,4,double,2,65,64,16,1,1687738.3846153845,12220108.446153846,69278455.92307693,0.0,0.0
main,i32_d2_fixed_precision,4,queue,2,65,64,16,1,1656383.1230769232,13301147.96923077,71014680.92307693,0.0,0.0
main,i32_d2_fixed_precision,8,double,0,61,64,16,1,1839839.1311475409,12131329.967213115,49059796.03278688,7574549.459016394,25329045.213114753
main,i32_d2_fixed_precision,8,queue,0,61,64,16,1,1694875.4918032787,12126169.31147541,54250585.50819672,4803699.327868853,20927159.06557377
main,i32_d2_fixed_precision,8,queue,1,61,64,16,1,1954672.9016393442,10113064.721311476,47751778.80327869,7226512.049180328,27301875.786885247
main,i32_d2_fixed_precision,8,double,1,61,64,16,1,1928371.8196721312,12347379.0,49143454.45901639,7835382.803278688,25303075.655737706
main,i32_d2_fixed_precision,8,double,2,61,64,16,1,1942547.9180327868,7547031.770491803,28064057.590163935,11295689.06557377,46455181.295081966
main,i32_d2_fixed_precision,8,queue,2,61,64,16,1,1691625.8852459015,12239003.37704918,54501354.983606555,4869904.278688525,20683216.1147541
main,i32_d2_reversible,2,double,0,25,64,16,1,3964936.76,17403650.04,110365991.8,0.0,0.0
main,i32_d2_reversible,2,queue,0,25,64,16,1,3874561.28,18019097.08,111035017.96,0.0,0.0
main,i32_d2_reversible,2,queue,1,25,64,16,1,3788099.8,18077494.0,111170924.04,0.0,0.0
main,i32_d2_reversible,2,double,1,25,64,16,1,3896519.36,17439145.2,110368942.24,0.0,0.0
main,i32_d2_reversible,2,double,2,25,64,16,1,3899231.28,17373177.56,110370408.0,0.0,0.0
main,i32_d2_reversible,2,queue,2,25,64,16,1,3755830.12,18028586.88,111165805.72,0.0,0.0
main,i32_d2_reversible,4,double,0,29,64,16,1,3684358.172413793,18545241.75862069,111912330.2413793,0.0,0.0
main,i32_d2_reversible,4,queue,0,29,64,16,1,3722631.8620689656,20215668.068965517,115039248.93103448,0.0,0.0
main,i32_d2_reversible,4,queue,1,29,64,16,1,3670365.4137931033,20136330.413793102,114760587.96551724,0.0,0.0
main,i32_d2_reversible,4,double,1,29,64,16,1,3736664.172413793,18388245.51724138,111836750.44827586,0.0,0.0
main,i32_d2_reversible,4,double,2,29,64,16,1,3710180.4482758623,18506180.379310343,111869573.03448276,0.0,0.0
main,i32_d2_reversible,4,queue,2,29,64,16,1,3722631.379310345,20243655.96551724,115075854.0,0.0,0.0
main,i32_d2_reversible,8,double,0,28,64,16,1,3978406.8571428573,19045736.92857143,94913836.71428572,7136892.071428572,21723583.75
main,i32_d2_reversible,8,queue,0,28,64,16,1,3737103.785714286,21443403.464285713,118094418.28571428,89643.35714285714,131068.03571428571
main,i32_d2_reversible,8,queue,1,28,64,16,1,3747873.0714285714,21183292.07142857,117430205.5,277251.35714285716,600387.4285714285
main,i32_d2_reversible,8,double,1,28,64,16,1,4067414.5,19370376.14285714,96768362.46428572,6815205.0,19808034.85714286
main,i32_d2_reversible,8,double,2,28,64,16,1,4192139.964285714,19837115.964285713,98470791.92857143,6834346.535714285,18209255.75
main,i32_d2_reversible,8,queue,2,28,64,16,1,3721962.0,20993945.85714286,116419498.32142857,600271.1785714285,1581547.0
main,i32_d3_fixed_precision,2,double,0,57,64,16,1,1883744.4561403508,8113129.350877193,37251396.22807018,0.0,0.0
main,i32_d3_fixed_precision,2,queue,0,57,64,16,1,1168380.6666666667,7962282.8771929825,37075896.526315786,0.0,0.0
main,i32_d3_fixed_precision,2,queue,1,57,64,16,1,1159932.7368421052,7952417.96491228,37075972.01754386,0.0,0.0
main,i32_d3_fixed_precision,2,double,1,57,64,16,1,2064808.0526315789,8147394.403508772,37255108.578947365,0.0,0.0
main,i32_d3_fixed_precision,2,double,2,57,64,16,1,1932243.3333333333,8151550.859649123,37256452.14035088,0.0,0.0
main,i32_d3_fixed_precision,2,queue,2,57,64,16,1,1157068.0,7964509.96491228,37077167.649122804,0.0,0.0
main,i32_d3_fixed_precision,4,double,0,131,64,16,1,1160249.0305343512,8668234.290076336,37922629.48854962,0.0,0.0
main,i32_d3_fixed_precision,4,queue,0,131,64,16,1,628242.3816793893,8153951.908396946,37174849.48091603,0.0,0.0
main,i32_d3_fixed_precision,4,queue,1,131,64,16,1,635293.1221374046,8178432.465648855,37176371.9389313,0.0,0.0
main,i32_d3_fixed_precision,4,double,1,131,64,16,1,830841.2900763359,8624597.022900764,37926897.80916031,0.0,0.0
main,i32_d3_fixed_precision,4,double,2,131,64,16,1,834223.6717557252,8620379.679389313,37939998.76335878,0.0,0.0
main,i32_d3_fixed_precision,4,queue,2,131,64,16,1,640167.7328244274,8165264.709923664,37178599.95419847,0.0,0.0
main,i32_d3_fixed_precision,8,double,0,163,64,16,1,738106.7484662577,6808095.680981595,22813609.53374233,5734839.570552147,17615797.773006134
main,i32_d3_fixed_precision,8,queue,0,163,64,16,1,635405.1349693252,5173904.54601227,18638854.662576687,5886906.042944785,21906117.239263803
main,i32_d3_fixed_precision,8,queue,1,163,64,16,1,588693.3128834356,6548700.343558283,26403631.36809816,4043650.754601227,13349236.263803681
main,i32_d3_fixed_precision,8,double,1,163,64,16,1,731860.736196319,6499707.226993865,21844273.049079753,6090015.6625766875,18530012.27607362
main,i32_d3_fixed_precision,8,double,2,163,64,16,1,747332.8098159509,6512623.527607362,22087582.65644172,5970578.509202454,18326507.791411042
main,i32_d3_fixed_precision,8,queue,2,163,64,16,1,630821.0920245398,6580849.104294479,26537018.699386504,3893673.8282208587,12916775.736196319
main,i32_d3_reversible,2,double,0,41,64,16,1,2374864.3902439023,11165147.829268293,50573870.63414634,0.0,0.0
main,i32_d3_reversible,2,queue,0,41,64,16,1,1693777.6097560977,10904998.146341464,50399829.80487805,0.0,0.0
main,i32_d3_reversible,2,queue,1,41,64,16,1,1657565.8048780488,10905213.975609757,50400984.487804875,0.0,0.0
main,i32_d3_reversible,2,double,1,41,64,16,1,2428422.4146341463,11175835.75609756,50572464.80487805,0.0,0.0
main,i32_d3_reversible,2,double,2,41,64,16,1,2327699.4146341463,11151082.024390243,50573787.26829268,0.0,0.0
main,i32_d3_reversible,2,queue,2,41,64,16,1,1626282.9268292682,10905538.341463415,50401550.17073171,0.0,0.0
main,i32_d3_reversible,4,double,0,103,64,16,1,1201658.2038834952,11625202.980582524,51626169.33980583,0.0,0.0
main,i32_d3_reversible,4,queue,0,103,64,16,1,1141640.786407767,11944810.834951457,51802429.23300971,0.0,0.0
main,i32_d3_reversible,4,queue,1,103,64,16,1,1158628.2233009709,11650382.54368932,51387885.21359223,0.0,0.0
main,i32_d3_reversible,4,double,1,103,64,16,1,2004445.6116504855,11694279.54368932,51442451.33009709,0.0,0.0
main,i32_d3_reversible,4,double,2,103,64,16,1,1294382.9611650486,11647585.873786408,51681276.689320385,0.0,0.0
main,i32_d3_reversible,4,queue,2,103,64,16,1,1163949.6213592233,11943051.611650486,51882394.01941747,0.0,0.0
main,i32_d3_reversible,8,double,0,89,64,16,1,1432207.808988764,9788643.831460673,34743211.14606742,6143879.224719102,20401818.73033708
main,i32_d3_reversible,8,queue,0,89,64,16,1,1186591.6853932585,10437593.04494382,40448115.59550562,4484104.168539326,15708548.82022472
main,i32_d3_reversible,8,queue,1,89,64,16,1,1185624.3258426967,10305422.82022472,39800135.71910112,4683180.831460674,16414292.95505618
main,i32_d3_reversible,8,double,1,89,64,16,1,1486106.4494382022,9831475.235955056,34925718.46067416,6177864.02247191,20220731.168539327
main,i32_d3_reversible,8,double,2,89,64,16,1,1385350.6404494382,9678273.235955056,34664265.31460674,5897242.629213483,20434337.41573034
main,i32_d3_reversible,8,queue,2,89,64,16,1,1192998.1011235956,10465134.382022472,40739840.13483146,4493987.9662921345,15405984.86516854
main,i32_d4_reversible,2,double,0,42,64,16,1,2442570.8333333335,10770339.642857144,49659219.952380955,0.0,0.0
main,i32_d4_reversible,2,queue,0,42,64,16,1,1615063.0238095238,11054545.904761905,49472418.809523806,0.0,0.0
main,i32_d4_reversible,2,queue,1,42,64,16,1,1601587.3333333333,10879750.452380951,49470418.38095238,0.0,0.0
main,i32_d4_reversible,2,double,1,42,64,16,1,2352661.8333333335,10712817.38095238,49661792.571428575,0.0,0.0
main,i32_d4_reversible,2,double,2,42,64,16,1,2352527.0714285714,10778723.88095238,49666559.97619048,0.0,0.0
main,i32_d4_reversible,2,queue,2,42,64,16,1,1581636.9047619049,10801599.047619049,49471208.11904762,0.0,0.0
main,i32_d4_reversible,4,double,0,115,64,16,1,992045.6869565217,11271309.12173913,50003879.686956525,0.0,0.0
main,i32_d4_reversible,4,queue,0,115,64,16,1,880584.0173913044,11212777.904347826,49819765.58260869,0.0,0.0
main,i32_d4_reversible,4,queue,1,115,64,16,1,882468.7217391304,11183204.826086957,49790578.73043478,0.0,0.0
main,i32_d4_reversible,4,double,1,115,64,16,1,1018526.5304347826,11247280.078260869,50020576.56521739,0.0,0.0
main,i32_d4_reversible,4,double,2,115,64,16,1,1019447.5652173914,11253359.84347826,50034197.32173913,0.0,0.0
main,i32_d4_reversible,4,queue,2,115,64,16,1,890717.9391304348,11198730.513043478,49782967.49565218,0.0,0.0
main,i32_d4_reversible,8,double,0,107,64,16,1,1063991.2710280374,9123501.392523365,32780480.38317757,6745294.70093458,21081218.87850467
main,i32_d4_reversible,8,queue,0,107,64,16,1,943315.3271028037,9944496.635514019,41055749.30841122,4597172.056074766,13186689.523364486
main,i32_d4_reversible,8,queue,1,107,64,16,1,938785.8224299066,9859576.803738318,40792366.92523365,4612638.214953271,13417114.448598132
main,i32_d4_reversible,8,double,1,107,64,16,1,1105755.5794392524,9110930.289719626,32565231.897196263,6804532.065420561,21227277.523364484
main,i32_d4_reversible,8,double,2,107,64,16,1,1065765.6728971964,9159347.06542056,32577637.65420561,6826264.878504673,21280178.31775701
main,i32_d4_reversible,8,queue,2,107,64,16,1,997772.9065420561,9890428.794392524,40896953.14953271,4635193.6822429905,13294577.775700934
main,i64_d1_reversible,2,double,0,10,64,16,1,38670228.8,138741911.3,821006438.8,0.0,0.0
main,i64_d1_reversible,2,queue,0,10,64,16,1,40371972.8,144164165.0,822877315.5,0.0,0.0
main,i64_d1_reversible,2,queue,1,10,64,16,1,40127061.0,143736853.2,822874269.1,0.0,0.0
main,i64_d1_reversible,2,double,1,10,64,16,1,37741323.1,138971918.2,821016683.5,0.0,0.0
main,i64_d1_reversible,2,double,2,10,64,16,1,37634986.7,138659487.2,821012016.4,0.0,0.0
main,i64_d1_reversible,2,queue,2,10,64,16,1,39393929.7,143643762.5,822857224.4,0.0,0.0
main,i64_d1_reversible,4,double,0,10,64,16,1,37006624.9,142692982.5,825423395.7,0.0,0.0
main,i64_d1_reversible,4,queue,0,10,64,16,1,37607410.9,148059767.2,832727990.5,0.0,0.0
main,i64_d1_reversible,4,queue,1,10,64,16,1,37892452.4,147911207.5,832503251.8,0.0,0.0
main,i64_d1_reversible,4,double,1,10,64,16,1,39307173.0,143716397.9,825196931.9,0.0,0.0
main,i64_d1_reversible,4,double,2,10,64,16,1,36790534.6,142917388.9,825417898.4,0.0,0.0
main,i64_d1_reversible,4,queue,2,10,64,16,1,38261773.5,147360045.1,830375416.5,0.0,0.0
main,i64_d1_reversible,8,double,0,10,64,16,1,39062219.5,162568349.1,900709025.2,-5758111.4,-62543841.5
main,i64_d1_reversible,8,queue,0,10,64,16,1,37776400.0,164480434.9,917386725.9,-15104733.1,-76955790.9
main,i64_d1_reversible,8,queue,1,10,64,16,1,36737985.6,151801108.7,838541441.8,1043193.5,1821290.2
main,i64_d1_reversible,8,double,1,10,64,16,1,38015075.2,149271439.7,822018793.3,10701326.4,16195115.9
main,i64_d1_reversible,8,double,2,10,64,16,1,38234465.8,148462762.6,821947502.6,10025059.1,15850318.4
main,i64_d1_reversible,8,queue,2,10,64,16,1,37215445.7,151869897.6,840956557.0,-32946.9,-124236.3
main,i64_d2_fixed_precision,2,double,0,88,64,16,1,1264231.3863636365,7247227.534090909,20666861.15909091,0.0,0.0
main,i64_d2_fixed_precision,2,queue,0,88,64,16,1,949825.375,7186138.443181818,19995483.806818184,0.0,0.0
main,i64_d2_fixed_precision,2,queue,1,88,64,16,1,950894.4318181818,7194347.829545454,19995709.53409091,0.0,0.0
main,i64_d2_fixed_precision,2,double,1,88,64,16,1,1279542.3295454546,7230029.590909091,20663136.738636363,0.0,0.0
main,i64_d2_fixed_precision,2,double,2,88,64,16,1,1279679.2727272727,7231527.886363637,20667355.636363637,0.0,0.0
main,i64_d2_fixed_precision,2,queue,2,88,64,16,1,958810.0568181818,7171289.761363637,19994212.022727273,0.0,0.0
main,i64_d2_fixed_precision,4,double,0,95,64,16,1,1043015.7157894737,12487034.47368421,21781534.0,0.0,0.0
main,i64_d2_fixed_precision,4,queue,0,95,64,16,1,1036281.0947368421,11283928.515789473,20816723.063157894,0.0,0.0
main,i64_d2_fixed_precision,4,queue,1,95,64,16,1,954273.3052631579,13016537.87368421,21582006.684210528,0.0,0.0
main,i64_d2_fixed_precision,4,double,1,95,64,16,1,1051825.2947368422,12589640.87368421,21734476.87368421,0.0,0.0
main,i64_d2_fixed_precision,4,double,2,95,64,16,1,1054087.0105263158,12733263.621052632,21975101.715789475,0.0,0.0
main,i64_d2_fixed_precision,4,queue,2,95,64,16,1,989740.6421052632,13338505.221052632,21591190.2,0.0,0.0
main,i64_d2_fixed_precision,8,double,0,73,64,16,1,1053639.1095890412,11389925.246575342,18610106.10958904,9238226.93150685,8269095.547945205
main,i64_d2_fixed_precision,8,queue,0,73,64,16,1,1014889.4109589041,12951392.794520548,20875764.534246575,5861506.643835616,6246566.767123288
main,i64_d2_fixed_precision,8,queue,1,73,64,16,1,1014520.0547945206,13110537.06849315,20895055.12328767,5625642.287671233,6105139.123287671
main,i64_d2_fixed_precision,8,double,1,73,64,16,1,1111945.9315068494,11330230.09589041,18652412.438356165,9393779.506849315,8482399.561643835
main,i64_d2_fixed_precision,8,double,2,73,64,16,1,1093093.5753424657,11441484.684931507,18452324.04109589,9844782.767123288,8660922.0
main,i64_d2_fixed_precision,8,queue,2,73,64,16,1,1024439.9589041095,13439235.94520548,21164149.05479452,5290210.890410959,5963502.2602739725
main,i64_d2_reversible,2,double,0,11,64,16,1,8953508.272727273,36013180.27272727,203228428.54545453,0.0,0.0
main,i64_d2_reversible,2,queue,0,11,64,16,1,8799089.909090908,36624568.27272727,204718416.45454547,0.0,0.0
main,i64_d2_reversible,2,queue,1,11,64,16,1,8700431.0,36553244.0,204791005.9090909,0.0,0.0
main,i64_d2_reversible,2,double,1,11,64,16,1,8724281.909090908,35901453.81818182,203218097.63636363,0.0,0.0
main,i64_d2_reversible,2,double,2,11,64,16,1,8928510.090909092,35893994.72727273,203197831.1818182,0.0,0.0
main,i64_d2_reversible,2,queue,2,11,64,16,1,8704218.0,36360193.63636363,204580139.9090909,0.0,0.0
main,i64_d2_reversible,4,double,0,14,64,16,1,8370904.071428572,37885794.071428575,205971508.2142857,0.0,0.0
main,i64_d2_reversible,4,queue,0,14,64,16,1,8571714.714285715,38978333.64285714,208768783.07142857,0.0,0.0
main,i64_d2_reversible,4,queue,1,14,64,16,1,8521612.42857143,39295318.14285714,208549842.7857143,0.0,0.0
main,i64_d2_reversible,4,double,1,14,64,16,1,9979453.0,37379823.64285714,205652114.2857143,0.0,0.0
main,i64_d2_reversible,4,double,2,14,64,16,1,10501467.42857143,37240949.428571425,205482797.85714287,0.0,0.0
main,i64_d2_reversible,4,queue,2,14,64,16,1,9375135.92857143,38559587.5,207900788.2142857,0.0,0.0
main,i64_d2_reversible,8,double,0,11,64,16,1,9113866.0,41478351.81818182,192811551.27272728,11684236.636363637,21060399.272727273
main,i64_d2_reversible,8,queue,0,11,64,16,1,8537744.272727273,42154925.45454545,215299330.36363637,695359.8181818182,1385606.4545454546
main,i64_d2_reversible,8,queue,1,11,64,16,1,8577037.454545455,43301082.0,214959050.0909091,908803.9090909091,1660360.4545454546
main,i64_d2_reversible,8,double,1,11,64,16,1,9059824.545454545,41626740.0,193157697.27272728,11214044.090909092,20711175.636363637
main,i64_d2_reversible,8,double,2,11,64,16,1,9507412.636363637,41417111.63636363,192430849.45454547,11712466.909090908,21671916.181818184
main,i64_d2_reversible,8,queue,2,11,64,16,1,8474858.363636363,42487097.54545455,216496391.72727272,274052.8181818182,372013.63636363635
main,i64_d3_reversible,2,double,0,29,64,16,1,3802338.379310345,20505985.103448275,96490046.13793103,0.0,0.0
main,i64_d3_reversible,2,queue,0,29,64,16,1,2848655.896551724,20016190.068965517,96060138.4137931,0.0,0.0
main,i64_d3_reversible,2,queue,1,29,64,16,1,2831706.4137931033,20140455.413793102,96061127.5862069,0.0,0.0
main,i64_d3_reversible,2,double,1,29,64,16,1,3700733.0689655175,20465776.55172414,96484793.34482759,0.0,0.0
main,i64_d3_reversible,2,double,2,29,64,16,1,3731280.620689655,20554125.724137932,96486290.27586207,0.0,0.0
main,i64_d3_reversible,2,queue,2,29,64,16,1,2862729.0344827585,20123799.51724138,96060999.37931034,0.0,0.0
main,i64_d3_reversible,4,double,0,47,64,16,1,2210051.2978723403,21344425.489361703,98175218.38297872,0.0,0.0
main,i64_d3_reversible,4,queue,0,47,64,16,1,2152113.5531914895,22386112.85106383,99885475.85106383,0.0,0.0
main,i64_d3_reversible,4,queue,1,47,64,16,1,2215229.425531915,22370083.19148936,100004623.44680852,0.0,0.0
main,i64_d3_reversible,4,double,1,47,64,16,1,2272673.234042553,21410663.78723404,98327282.57446809,0.0,0.0
main,i64_d3_reversible,4,double,2,47,64,16,1,2385745.340425532,21472576.0,98284524.42553191,0.0,0.0
main,i64_d3_reversible,4,queue,2,47,64,16,1,2213442.85106383,22335938.170212764,100005429.9787234,0.0,0.0
main,i64_d3_reversible,8,double,0,44,64,16,1,2432533.1818181816,17526432.318181816,69983036.31818181,11797263.568181818,35861960.93181818
main,i64_d3_reversible,8,queue,0,44,64,16,1,2259458.977272727,21088579.272727273,88566297.86363636,6476028.295454546,17900472.59090909
main,i64_d3_reversible,8,queue,1,44,64,16,1,2281069.840909091,20466249.681818184,85388656.81818181,7245665.636363637,21166811.40909091
main,i64_d3_reversible,8,double,1,44,64,16,1,2606714.3863636362,18261356.886363637,71359211.63636364,11887658.681818182,34633835.59090909
main,i64_d3_reversible,8,double,2,44,64,16,1,2669790.909090909,18006958.181818184,71165830.0,11678288.295454545,34608848.59090909
main,i64_d3_reversible,8,queue,2,44,64,16,1,2265455.6818181816,20293609.136363637,84653293.5,7426028.25,21993591.431818184
main,i64_d4_fixed_precision,2,double,0,84,64,16,1,1216904.4642857143,5920061.761904762,5716070.178571428,0.0,0.0
main,i64_d4_fixed_precision,2,queue,0,84,64,16,1,885444.3095238095,7389041.654761905,5341663.523809524,0.0,0.0
main,i64_d4_fixed_precision,2,queue,1,84,64,16,1,878603.2142857143,7370438.154761905,5342348.142857143,0.0,0.0
main,i64_d4_fixed_precision,2,double,1,84,64,16,1,1203799.3452380951,5919089.178571428,5716140.619047619,0.0,0.0
main,i64_d4_fixed_precision,2,double,2,84,64,16,1,1202974.7976190476,5889470.952380952,5717131.583333333,0.0,0.0
main,i64_d4_fixed_precision,2,queue,2,84,64,16,1,876638.130952381,7387293.5,5341707.142857143,0.0,0.0
main,i64_d4_fixed_precision,4,double,0,164,64,16,1,517263.7073170732,6746317.774390244,6328225.560975609,0.0,0.0
main,i64_d4_fixed_precision,4,queue,0,164,64,16,1,492279.98780487804,7696429.62195122,5431774.963414635,0.0,0.0
main,i64_d4_fixed_precision,4,queue,1,164,64,16,1,492692.64024390245,7716988.073170732,5430470.493902439,0.0,0.0
main,i64_d4_fixed_precision,4,double,1,164,64,16,1,516082.5304878049,6729046.945121951,6301110.152439024,0.0,0.0
main,i64_d4_fixed_precision,4,double,2,164,64,16,1,519230.1158536585,6736014.810975609,6311171.0792682925,0.0,0.0
main,i64_d4_fixed_precision,4,queue,2,164,64,16,1,499026.5487804878,7713089.182926829,5431347.932926829,0.0,0.0
main,i64_d4_fixed_precision,8,double,0,176,64,16,1,582587.5965909091,7034781.806818182,5393894.494318182,6288126.778409091,3799838.1875
main,i64_d4_fixed_precision,8,queue,0,176,64,16,1,354327.42613636365,4930749.431818182,3596120.9375,4165137.7443181816,2087395.4261363635
main,i64_d4_fixed_precision,8,queue,1,176,64,16,1,376201.5056818182,4923077.1875,3594206.7670454546,4208302.9772727275,2105946.272727273
main,i64_d4_fixed_precision,8,double,1,176,64,16,1,599813.1079545454,7078278.857954546,5429281.4147727275,6113292.630681818,3644048.9318181816
main,i64_d4_fixed_precision,8,double,2,176,64,16,1,569181.0454545454,6915113.642045454,5315038.159090909,6311360.988636363,3789489.164772727
main,i64_d4_fixed_precision,8,queue,2,176,64,16,1,362671.42045454547,4865001.301136363,3567207.971590909,4299796.448863637,2165306.5568181816
main,i64_d4_reversible,2,double,0,26,64,16,1,4042760.1923076925,18045191.5,82235149.03846154,0.0,0.0
main,i64_d4_reversible,2,queue,0,26,64,16,1,2673217.653846154,18863320.346153848,81866109.88461539,0.0,0.0
main,i64_d4_reversible,2,queue,1,26,64,16,1,2686561.3076923075,18889247.923076924,81868882.8076923,0.0,0.0
main,i64_d4_reversible,2,double,1,26,64,16,1,3804289.8076923075,18042326.846153848,82229240.6923077,0.0,0.0
main,i64_d4_reversible,2,double,2,26,64,16,1,4899035.384615385,22902820.307692308,82317218.42307693,0.0,0.0
main,i64_d4_reversible,2,queue,2,26,64,16,1,2654236.346153846,18713796.153846152,81865728.26923077,0.0,0.0
main,i64_d4_reversible,4,double,0,76,64,16,1,1428302.4605263157,18216770.10526316,82778430.67105263,0.0,0.0
main,i64_d4_reversible,4,queue,0,76,64,16,1,1514028.4473684211,20786644.013157893,81999118.86842105,0.0,0.0
main,i64_d4_reversible,4,queue,1,76,64,16,1,1429538.894736842,19328762.184210528,81999986.15789473,0.0,0.0
main,i64_d4_reversible,4,double,1,76,64,16,1,1679358.1184210526,19206188.934210528,83608471.31578948,0.0,0.0
main,i64_d4_reversible,4,double,2,76,64,16,1,1492174.144736842,18206045.05263158,82850995.56578948,0.0,0.0
main,i64_d4_reversible,4,queue,2,76,64,16,1,1443167.6842105263,19389404.61842105,82004706.2236842,0.0,0.0
main,i64_d4_reversible,8,double,0,72,64,16,1,1539314.0277777778,15855732.25,54992270.097222224,13785143.083333334,35169417.93055555
main,i64_d4_reversible,8,queue,0,72,64,16,1,1589904.5833333333,17001076.125,60646355.94444445,11210017.333333334,29246480.583333332
main,i64_d4_reversible,8,queue,1,72,64,16,1,1487404.7777777778,16616591.930555556,63606041.152777776,10169650.486111112,25996631.875
main,i64_d4_reversible,8,double,1,72,64,16,1,1833021.9583333333,16366019.013888888,55745692.86111111,13755597.763888888,34862791.80555555
main,i64_d4_reversible,8,double,2,72,64,16,1,1607147.0972222222,15741497.430555556,55052726.18055555,13762449.458333334,34992902.125
main,i64_d4_reversible,8,queue,2,72,64,16,1,1534445.1527777778,16923930.555555556,61726178.44444445,10545951.611111112,27562717.291666668
main,f32_d1_fixed_accuracy,2,double,0,10,64,16,1,18244615.3,68963612.4,371127580.0,0.0,0.0
main,f32_d1_fixed_accuracy,2,queue,0,10,64,16,1,18619120.5,70249665.0,372808722.9,0.0,0.0
main,f32_d1_fixed_accuracy,2,queue,1,10,64,16,1,18914048.8,70472383.3,372525097.6,0.0,0.0
main,f32_d1_fixed_accuracy,2,double,1,10,64,16,1,18321279.2,68685953.6,371127214.8,0.0,0.0
main,f32_d1_fixed_accuracy,2,double,2,10,64,16,1,18291963.3,68773785.4,371084307.1,0.0,0.0
main,f32_d1_fixed_accuracy,2,queue,2,10,64,16,1,18512561.5,70700531.6,372660452.5,0.0,0.0
main,f32_d1_fixed_accuracy,4,double,0,10,64,16,1,17401698.3,71290904.3,374751254.8,0.0,0.0
main,f32_d1_fixed_accuracy,4,queue,0,10,64,16,1,17530942.6,74537019.0,379890071.6,0.0,0.0
main,f32_d1_fixed_accuracy,4,queue,1,10,64,16,1,17481486.9,74408320.1,379842730.1,0.0,0.0
main,f32_d1_fixed_accuracy,4,double,1,10,64,16,1,16802425.2,71471765.2,374622569.9,0.0,0.0
main,f32_d1_fixed_accuracy,4,double,2,10,64,16,1,16828893.5,71075597.6,374561368.1,0.0,0.0
main,f32_d1_fixed_accuracy,4,queue,2,10,64,16,1,17501357.7,74448375.4,379261564.5,0.0,0.0
main,f32_d1_fixed_accuracy,8,double,0,10,64,16,1,18225074.3,8853605.5,1068040.2,79988972.8,381542792.5
main,f32_d1_fixed_accuracy,8,queue,0,10,64,16,1,17435070.0,76310107.3,383342658.5,916748.6,2037867.2
main,f32_d1_fixed_accuracy,8,queue,1,10,64,16,1,17410964.7,76715760.4,385230549.8,200405.1,299433.1
main,f32_d1_fixed_accuracy,8,double,1,10,64,16,1,17987676.5,78879450.5,394696010.3,5050149.7,-9860025.0
main,f32_d1_fixed_accuracy,8,double,2,10,64,16,1,18740477.2,8770629.2,1473972.2,80615981.3,380927310.4
main,f32_d1_fixed_accuracy,8,queue,2,10,64,16,1,16326116.9,77475417.0,385556281.2,121179.5,103976.8
main,f32_d1_reversible,2,double,0,10,64,16,1,31582053.8,119190870.2,537923818.4,0.0,0.0
main,f32_d1_reversible,2,queue,0,10,64,16,1,32647789.3,121569490.6,539572175.5,0.0,0.0
main,f32_d1_reversible,2,queue,1,10,64,16,1,32454436.6,121071380.0,539489774.6,0.0,0.0
main,f32_d1_reversible,2,double,1,10,64,16,1,31210705.1,118811893.8,537934807.6,0.0,0.0
main,f32_d1_reversible,2,double,2,10,64,16,1,31038365.3,119281036.7,537938648.7,0.0,0.0
main,f32_d1_reversible,2,queue,2,10,64,16,1,32164514.5,121146775.1,539613468.3,0.0,0.0
main,f32_d1_reversible,4,double,0,10,64,16,1,29508547.3,121175161.2,541500655.9,0.0,0.0
main,f32_d1_reversible,4,queue,0,10,64,16,1,31768780.8,125003803.9,546056964.2,0.0,0.0
main,f32_d1_reversible,4,queue,1,10,64,16,1,30749743.8,124852801.0,546685654.8,0.0,0.0
main,f32_d1_reversible,4,double,1,10,64,16,1,29565943.6,120711493.6,541546540.5,0.0,0.0
main,f32_d1_reversible,4,double,2,10,64,16,1,30264044.4,121367019.0,541522295.8,0.0,0.0
main,f32_d1_reversible,4,queue,2,10,64,16,1,30774263.4,124952770.4,546481405.6,0.0,0.0
main,f32_d1_reversible,8,double,0,10,64,16,1,31251467.9,123143747.4,531634544.9,10212698.3,19882964.4
main,f32_d1_reversible,8,queue,0,10,64,16,1,30274530.2,127971978.6,550074439.4,1031988.7,2012793.3
main,f32_d1_reversible,8,queue,1,10,64,16,1,30148609.5,127640894.6,552049556.7,254302.7,323172.8
main,f32_d1_reversible,8,double,1,10,64,16,1,31849033.6,122801220.0,530380405.6,10628204.6,21205075.7
main,f32_d1_reversible,8,double,2,10,64,16,1,31526626.8,122600513.1,531911504.7,9897949.8,19640214.7
main,f32_d1_reversible,8,queue,2,10,64,16,1,30298120.8,127562566.1,550057343.5,985025.1,2025272.6
main,f32_d2_fixed_precision,2,double,0,21,64,16,1,5045510.19047619,23405866.666666668,127340132.0,0.0,0.0
main,f32_d2_fixed_precision,2,queue,0,21,64,16,1,4938179.476190476,23745829.714285713,128864786.42857143,0.0,0.0
main,f32_d2_fixed_precision,2,queue,1,21,64,16,1,4955080.285714285,23745998.095238097,128850528.0,0.0,0.0
main,f32_d2_fixed_precision,2,double,1,21,64,16,1,5065016.142857143,23312588.42857143,127343863.14285715,0.0,0.0
main,f32_d2_fixed_precision,2,double,2,21,64,16,1,5074303.142857143,23313426.333333332,127345091.66666667,0.0,0.0
main,f32_d2_fixed_precision,2,queue,2,21,64,16,1,4926691.714285715,23694758.85714286,128862767.23809524,0.0,0.0
main,f32_d2_fixed_precision,4,double,0,23,64,16,1,4394230.260869565,24527193.217391305,128902703.6521739,0.0,0.0
main,f32_d2_fixed_precision,4,queue,0,23,64,16,1,4731942.608695652,26263850.52173913,132725896.0,0.0,0.0
main,f32_d2_fixed_precision,4,queue,1,23,64,16,1,4776559.130434782,26102013.304347824,132742777.30434783,0.0,0.0
main,f32_d2_fixed_precision,4,double,1,23,64,16,1,4889473.826086956,24493302.782608695,128880489.47826087,0.0,0.0
main,f32_d2_fixed_precision,4,double,2,23,64,16,1,4850203.869565218,24405222.826086957,128874791.17391305,0.0,0.0
main,f32_d2_fixed_precision,4,queue,2,23,64,16,1,4868146.608695652,25816753.652173914,132763964.26086956,0.0,0.0
main,f32_d2_fixed_precision,8,double,0,15,64,16,1,5270491.4,24361557.266666666,108811520.2,7913108.466666667,24969799.6
main,f32_d2_fixed_precision,8,queue,0,15,64,16,1,4868785.8,26644741.866666667,134376411.06666666,511696.13333333336,1201230.0
main,f32_d2_fixed_precision,8,queue,1,15,64,16,1,4874637.2,27122481.866666667,135674827.13333333,172659.26666666666,265595.4
main,f32_d2_fixed_precision,8,double,1,15,64,16,1,5276198.466666667,24996680.066666666,109797408.4,8140335.8,24101800.466666665
main,f32_d2_fixed_precision,8,double,2,15,64,16,1,5420559.266666667,24894341.666666668,108967073.26666667,8384693.066666666,24987639.8
main,f32_d2_fixed_precision,8,queue,2,15,64,16,1,4904774.266666667,26875530.466666665,134557539.93333334,471413.0,1085586.4
main,f32_d2_fixed_accuracy,2,double,0,18,64,16,1,5874734.444444444,25818375.5,142740210.94444445,0.0,0.0
main,f32_d2_fixed_accuracy,2,queue,0,18,64,16,1,5697077.333333333,26107691.277777776,144258810.6111111,0.0,0.0
main,f32_d2_fixed_accuracy,2,queue,1,18,64,16,1,5727100.5,26063285.388888888,144253442.44444445,0.0,0.0
main,f32_d2_fixed_accuracy,2,double,1,18,64,16,1,5891592.388888889,25802747.888888888,142747052.33333334,0.0,0.0
main,f32_d2_fixed_accuracy,2,double,2,18,64,16,1,5978046.944444444,25709187.944444444,142724749.66666666,0.0,0.0
main,f32_d2_fixed_accuracy,2,queue,2,18,64,16,1,6015598.166666667,26081694.611111112,144169101.7777778,0.0,0.0
main,f32_d2_fixed_accuracy,4,double,0,14,64,16,1,5782905.928571428,26834230.42857143,144185891.2142857,0.0,0.0
main,f32_d2_fixed_accuracy,4,queue,0,14,64,16,1,5455118.714285715,28430009.285714287,148154629.5,0.0,0.0
main,f32_d2_fixed_accuracy,4,queue,1,14,64,16,1,5622446.642857143,28229578.35714286,148123088.7142857,0.0,0.0
main,f32_d2_fixed_accuracy,4,double,1,14,64,16,1,5615106.357142857,27069465.0,144320513.35714287,0.0,0.0
main,f32_d2_fixed_accuracy,4,double,2,14,64,16,1,5737408.428571428,26981105.785714287,144205874.07142857,0.0,0.0
main,f32_d2_fixed_accuracy,4,queue,2,14,64,16,1,5601738.142857143,28047825.785714287,147755301.42857143,0.0,0.0
main,f32_d2_fixed_accuracy,8,double,0,18,64,16,1,5784527.777777778,27851563.055555556,125858801.44444445,8252094.888888889,23456956.777777776
main,f32_d2_fixed_accuracy,8,queue,0,18,64,16,1,5601755.722222222,29319034.944444444,150483593.2222222,280599.1666666667,763064.3333333334
main,f32_d2_fixed_accuracy,8,queue,1,18,64,16,1,5650901.444444444,29378587.833333332,150712084.33333334,198780.16666666666,552507.5
main,f32_d2_fixed_accuracy,8,double,1,18,64,16,1,6097155.888888889,26744385.333333332,124839758.5,7764488.666666667,24465404.222222224
main,f32_d2_fixed_accuracy,8,double,2,18,64,16,1,6325282.944444444,27554401.333333332,125230313.8888889,8599318.888888888,24268314.277777776
main,f32_d2_fixed_accuracy,8,queue,2,18,64,16,1,5579840.777777778,29411774.611111112,149236489.44444445,635289.3888888889,1885323.3333333333
main,f32_d2_reversible,2,double,0,11,64,16,1,9570524.363636363,37871203.36363637,172114605.1818182,0.0,0.0
main,f32_d2_reversible,2,queue,0,11,64,16,1,9629229.272727273,38549010.63636363,173620817.0,0.0,0.0
main,f32_d2_reversible,2,queue,1,11,64,16,1,9631237.818181818,38570225.0,173598610.36363637,0.0,0.0
main,f32_d2_reversible,2,double,1,11,64,16,1,9548295.454545455,37917849.63636363,172114664.36363637,0.0,0.0
main,f32_d2_reversible,2,double,2,11,64,16,1,9476820.0,37839373.72727273,172114648.54545453,0.0,0.0
main,f32_d2_reversible,2,queue,2,11,64,16,1,9569583.454545455,38584350.72727273,173617308.27272728,0.0,0.0
main,f32_d2_reversible,4,double,0,11,64,16,1,9206021.818181818,39353214.09090909,174082855.27272728,0.0,0.0
main,f32_d2_reversible,4,queue,0,11,64,16,1,9248205.090909092,40607427.0,177258545.1818182,0.0,0.0
main,f32_d2_reversible,4,queue,1,11,64,16,1,9292331.272727273,40692077.18181818,177544324.54545453,0.0,0.0
main,f32_d2_reversible,4,double,1,11,64,16,1,9241007.909090908,39459450.54545455,174062406.8181818,0.0,0.0
main,f32_d2_reversible,4,double,2,11,64,16,1,9199756.181818182,39583401.09090909,174169262.0,0.0,0.0
main,f32_d2_reversible,4,queue,2,11,64,16,1,8937828.818181818,40931964.27272727,177494859.0909091,0.0,0.0
main,f32_d2_reversible,8,double,0,11,64,16,1,11392744.636363637,39829673.0,160871506.0,6249935.636363637,18489371.09090909
main,f32_d2_reversible,8,queue,0,11,64,16,1,9342502.272727273,41559239.72727273,177288180.27272728,1057957.8181818181,3121850.0
main,f32_d2_reversible,8,queue,1,11,64,16,1,9306463.090909092,41816335.36363637,179886106.9090909,263853.9090909091,750571.8181818182
main,f32_d2_reversible,8,double,1,11,64,16,1,9337992.636363637,40494468.81818182,160250993.8181818,6805873.090909091,19357671.09090909
main,f32_d2_reversible,8,double,2,11,64,16,1,9654068.090909092,40251381.81818182,161630437.0,6495894.545454546,17928549.727272727
main,f32_d2_reversible,8,queue,2,11,64,16,1,9305058.363636363,44654807.18181818,192560233.54545453,-3179553.6363636362,-11900895.909090908
main,f32_d3_fixed_accuracy,2,double,0,48,64,16,1,2318884.75,13463901.583333334,66030555.229166664,0.0,0.0
main,f32_d3_fixed_accuracy,2,queue,0,48,64,16,1,1937862.5416666667,13272660.75,65904749.270833336,0.0,0.0
main,f32_d3_fixed_accuracy,2,queue,1,48,64,16,1,1952869.0416666667,13299830.0625,65903358.979166664,0.0,0.0
main,f32_d3_fixed_accuracy,2,double,1,48,64,16,1,2344345.9375,13478194.083333334,66030099.3125,0.0,0.0
main,f32_d3_fixed_accuracy,2,double,2,48,64,16,1,2441536.0625,13469973.416666666,66034465.3125,0.0,0.0
main,f32_d3_fixed_accuracy,2,queue,2,48,64,16,1,1944866.5208333333,13294954.145833334,65904421.979166664,0.0,0.0
main,f32_d3_fixed_accuracy,4,double,0,70,64,16,1,1728779.7428571428,14190679.414285714,66776796.64285714,0.0,0.0
main,f32_d3_fixed_accuracy,4,queue,0,70,64,16,1,1732560.2428571428,15029928.728571428,68535573.2,0.0,0.0
main,f32_d3_fixed_accuracy,4,queue,1,70,64,16,1,1743410.6714285715,15051739.142857144,68579848.72857143,0.0,0.0
main,f32_d3_fixed_accuracy,4,double,1,70,64,16,1,1775868.9,14174305.742857143,66780813.4,0.0,0.0
main,f32_d3_fixed_accuracy,4,double,2,70,64,16,1,1755407.8,14227646.757142857,66768270.17142857,0.0,0.0
main,f32_d3_fixed_accuracy,4,queue,2,70,64,16,1,1777950.9,15050127.742857143,68578164.54285714,0.0,0.0
main,f32_d3_fixed_accuracy,8,double,0,68,64,16,1,1979381.5,12892798.102941176,49168695.691176474,7691498.102941177,23802605.23529412
main,f32_d3_fixed_accuracy,8,queue,0,68,64,16,1,1804784.6323529412,15097089.705882354,64486867.85294118,2723300.911764706,7504411.382352941
main,f32_d3_fixed_accuracy,8,queue,1,68,64,16,1,1810921.6470588236,15050892.94117647,64164806.02941176,2748035.544117647,7820268.352941177
main,f32_d3_fixed_accuracy,8,double,1,68,64,16,1,2056107.3235294118,12586775.602941176,48101365.191176474,6922797.014705882,22812698.36764706
main,f32_d3_fixed_accuracy,8,double,2,68,64,16,1,2027349.6617647058,12336670.147058824,47308851.01470588,6986367.897058823,23585687.588235293
main,f32_d3_fixed_accuracy,8,queue,2,68,64,16,1,1807250.8823529412,13835460.86764706,60665205.5882353,3109600.3235294116,10683141.176470589
main,f32_d3_reversible,2,double,0,32,64,16,1,3476952.40625,17546753.5625,70039848.34375,0.0,0.0
main,f32_d3_reversible,2,queue,0,32,64,16,1,3014684.90625,17896409.625,70772802.78125,0.0,0.0
main,f32_d3_reversible,2,queue,1,32,64,16,1,2970159.25,17945032.40625,70804931.53125,0.0,0.0
main,f32_d3_reversible,2,double,1,32,64,16,1,3095327.46875,17333549.875,70061317.09375,0.0,0.0
main,f32_d3_reversible,2,double,2,32,64,16,1,3191924.15625,17390790.03125,70050248.71875,0.0,0.0
main,f32_d3_reversible,2,queue,2,32,64,16,1,2948902.21875,17859335.84375,70808979.46875,0.0,0.0
main,f32_d3_reversible,4,double,0,39,64,16,1,2935804.6666666665,18576576.307692308,71260665.8974359,0.0,0.0
main,f32_d3_reversible,4,queue,0,39,64,16,1,2932263.205128205,19560244.333333332,73644662.20512821,0.0,0.0
main,f32_d3_reversible,4,queue,1,39,64,16,1,2948898.230769231,19444658.769230768,73604631.38461539,0.0,0.0
main,f32_d3_reversible,4,double,1,39,64,16,1,2972482.923076923,18571105.230769232,71218456.61538461,0.0,0.0
main,f32_d3_reversible,4,double,2,39,64,16,1,2878830.128205128,18579043.256410256,71229300.25641026,0.0,0.0
main,f32_d3_reversible,4,queue,2,39,64,16,1,2691635.0512820515,19426253.769230768,73388360.33333333,0.0,0.0
main,f32_d3_reversible,8,double,0,34,64,16,1,3150239.2647058824,16803464.26470588,54209363.823529415,6977335.647058823,20901270.852941178
main,f32_d3_reversible,8,queue,0,34,64,16,1,2989853.088235294,20381727.73529412,75876519.85294117,78951.05882352941,151723.0
main,f32_d3_reversible,8,queue,1,34,64,16,1,2943851.9411764704,20251809.852941178,75141366.6764706,217982.70588235295,587308.1470588235
main,f32_d3_reversible,8,double,1,34,64,16,1,3110174.4411764704,16769476.38235294,54490734.52941176,6998099.117647059,20762198.17647059
main,f32_d3_reversible,8,double,2,34,64,16,1,3408226.8235294116,16932285.647058822,54374022.941176474,7218657.911764706,20890069.470588237
main,f32_d3_reversible,8,queue,2,34,64,16,1,2986173.3529411764,20256887.61764706,75300720.6764706,249317.4705882353,639022.6176470588
main,f32_d4_fixed_precision,2,double,0,51,64,16,1,2173317.9803921566,11021329.980392156,46097070.23529412,0.0,0.0
main,f32_d4_fixed_precision,2,queue,0,51,64,16,1,1578252.2352941176,11138600.333333334,45903458.76470588,0.0,0.0
main,f32_d4_fixed_precision,2,queue,1,51,64,16,1,1574115.0392156863,11125905.764705881,45902812.686274506,0.0,0.0
main,f32_d4_fixed_precision,2,double,1,51,64,16,1,2157475.6666666665,11034345.705882354,46096936.039215684,0.0,0.0
main,f32_d4_fixed_precision,2,double,2,51,64,16,1,2152197.568627451,11048610.843137255,46095371.74509804,0.0,0.0
main,f32_d4_fixed_precision,2,queue,2,51,64,16,1,1580290.7450980393,11130621.11764706,45905303.313725494,0.0,0.0
main,f32_d4_fixed_precision,4,double,0,96,64,16,1,1103885.4583333333,11719830.0625,46786132.010416664,0.0,0.0
main,f32_d4_fixed_precision,4,queue,0,96,64,16,1,1082058.0104166667,12335321.083333334,47227627.770833336,0.0,0.0
main,f32_d4_fixed_precision,4,queue,1,96,64,16,1,1082437.2916666667,12346331.645833334,47216603.625,0.0,0.0
main,f32_d4_fixed_precision,4,double,1,96,64,16,1,1142666.53125,11750076.53125,46864919.90625,0.0,0.0
main,f32_d4_fixed_precision,4,double,2,96,64,16,1,1520623.3541666667,11857960.333333334,46842606.666666664,0.0,0.0
main,f32_d4_fixed_precision,4,queue,2,96,64,16,1,1082882.9791666667,12309620.197916666,47212487.791666664,0.0,0.0
main,f32_d4_fixed_precision,8,double,0,99,64,16,1,1337059.5252525252,10175800.454545455,30932298.07070707,7199254.777777778,19863606.979797978
main,f32_d4_fixed_precision,8,queue,0,99,64,16,1,1185920.0606060605,10772001.969696969,36579856.03030303,5134498.080808081,14550294.373737374
main,f32_d4_fixed_precision,8,queue,1,99,64,16,1,1138298.505050505,10582650.414141415,35898787.72727273,5306056.282828283,15395545.1010101
main,f32_d4_fixed_precision,8,double,1,99,64,16,1,1294639.696969697,9898703.464646464,30236521.12121212,7335030.05050505,20505497.414141413
main,f32_d4_fixed_precision,8,double,2,99,64,16,1,1283873.98989899,10113123.050505051,30621645.111111112,7247275.545454546,20199224.74747475
main,f32_d4_fixed_precision,8,queue,2,99,64,16,1,1152062.6666666667,10611024.303030303,36035477.252525255,5330969.090909091,15270349.444444444
main,f32_d4_fixed_accuracy,2,double,0,40,64,16,1,2675600.7,13963653.575,61540087.975,0.0,0.0
main,f32_d4_fixed_accuracy,2,queue,0,40,64,16,1,2064468.675,13947731.45,61349349.425,0.0,0.0
main,f32_d4_fixed_accuracy,2,queue,1,40,64,16,1,2047993.925,13944419.15,61351861.9,0.0,0.0
main,f32_d4_fixed_accuracy,2,double,1,40,64,16,1,3214963.75,16584202.375,61572254.725,0.0,0.0
main,f32_d4_fixed_accuracy,2,double,2,40,64,16,1,2583115.725,13987957.425,61541137.9,0.0,0.0
main,f32_d4_fixed_accuracy,2,queue,2,40,64,16,1,2029602.35,13920040.925,61353624.65,0.0,0.0
main,f32_d4_fixed_accuracy,4,double,0,75,64,16,1,1639092.7466666666,14651719.626666667,62235244.76,0.0,0.0
main,f32_d4_fixed_accuracy,4,queue,0,75,64,16,1,1621062.3733333333,15843460.333333334,63575779.946666665,0.0,0.0
main,f32_d4_fixed_accuracy,4,queue,1,75,64,16,1,1628768.88,15834280.546666667,63575648.54666667,0.0,0.0
main,f32_d4_fixed_accuracy,4,double,1,75,64,16,1,1673065.3466666667,15061486.44,62428471.93333333,0.0,0.0
main,f32_d4_fixed_accuracy,4,double,2,75,64,16,1,1671311.92,14641415.466666667,62235797.53333333,0.0,0.0
main,f32_d4_fixed_accuracy,4,queue,2,75,64,16,1,1629638.1333333333,15787453.906666666,63505601.8,0.0,0.0
main,f32_d4_fixed_accuracy,8,double,0,59,64,16,1,1885809.4237288137,12555480.508474575,41520987.949152544,8118253.762711864,24676621.13559322
main,f32_d4_fixed_accuracy,8,queue,0,59,64,16,1,1545582.7966101696,16173708.152542373,62480144.44067796,2112677.0,3960536.305084746
main,f32_d4_fixed_accuracy,8,queue,1,59,64,16,1,1656726.9491525423,16144800.101694915,61970419.40677966,2283264.8983050846,4733375.966101695
main,f32_d4_fixed_accuracy,8,double,1,59,64,16,1,1824612.8305084745,12553541.881355932,41684710.55932204,7958109.576271187,24470169.15254237
main,f32_d4_fixed_accuracy,8,double,2,59,64,16,1,1938882.9830508474,12737286.271186441,42282125.40677966,7901261.847457627,23929872.542372882
main,f32_d4_fixed_accuracy,8,queue,2,59,64,16,1,1657733.1016949152,15932683.338983051,60807550.50847457,2578399.661016949,5874558.881355932
main,f32_d4_reversible,2,double,0,40,64,16,1,3544132.075,14834297.35,63831568.4,0.0,0.0
main,f32_d4_reversible,2,queue,0,40,64,16,1,2419404.0,14513866.475,63649650.825,0.0,0.0
main,f32_d4_reversible,2,queue,1,40,64,16,1,2410333.5,14493090.85,63648725.975,0.0,0.0
main,f32_d4_reversible,2,double,1,40,64,16,1,2752019.225,14748322.925,63845740.2,0.0,0.0
main,f32_d4_reversible,2,double,2,40,64,16,1,2729176.675,14743420.775,63842059.075,0.0,0.0
main,f32_d4_reversible,2,queue,2,40,64,16,1,2167284.375,14439421.275,63648682.05,0.0,0.0
main,f32_d4_reversible,4,double,0,50,64,16,1,1988343.84,15373510.64,64508846.9,0.0,0.0
main,f32_d4_reversible,4,queue,0,50,64,16,1,2003812.6,16349653.5,66222969.02,0.0,0.0
main,f32_d4_reversible,4,queue,1,50,64,16,1,2008210.0,16362293.56,66214756.88,0.0,0.0
main,f32_d4_reversible,4,double,1,50,64,16,1,2005018.48,15348783.02,64507852.14,0.0,0.0
main,f32_d4_reversible,4,double,2,50,64,16,1,2011834.16,15759138.08,64655661.36,0.0,0.0
main,f32_d4_reversible,4,queue,2,50,64,16,1,1982156.62,16458031.7,66223826.18,0.0,0.0
main,f32_d4_reversible,8,double,0,48,64,16,1,2139834.4375,13395862.645833334,45535822.3125,7949214.333333333,23081544.354166668
main,f32_d4_reversible,8,queue,0,48,64,16,1,2020757.2708333333,17192093.166666668,65645155.666666664,2064131.6458333333,3826160.4375
main,f32_d4_reversible,8,queue,1,48,64,16,1,2042580.7916666667,16600055.229166666,64174985.645833336,2334266.3541666665,5199676.729166667
main,f32_d4_reversible,8,double,1,48,64,16,1,2343878.0208333335,13678557.4375,45630215.75,8245684.979166667,23001991.229166668
main,f32_d4_reversible,8,double,2,48,64,16,1,2296171.75,13716041.479166666,46002286.645833336,7917423.979166667,22612591.145833332
main,f32_d4_reversible,8,queue,2,48,64,16,1,2038341.5833333333,17338021.104166668,66633703.375,1757753.0625,2972285.7291666665
main,f64_d1_fixed_precision,2,double,0,10,64,16,1,18507259.6,67067642.7,369510634.3,0.0,0.0
main,f64_d1_fixed_precision,2,queue,0,10,64,16,1,18717108.8,68902571.1,369747929.0,0.0,0.0
main,f64_d1_fixed_precision,2,queue,1,10,64,16,1,18696164.4,68930163.1,369714780.3,0.0,0.0
main,f64_d1_fixed_precision,2,double,1,10,64,16,1,18652366.0,67320885.3,369456938.8,0.0,0.0
main,f64_d1_fixed_precision,2,double,2,10,64,16,1,18116699.0,67284129.3,369496281.3,0.0,0.0
main,f64_d1_fixed_precision,2,queue,2,10,64,16,1,18547434.0,69163123.2,369712497.5,0.0,0.0
main,f64_d1_fixed_precision,4,double,0,10,64,16,1,17472440.6,73354391.6,374035453.6,0.0,0.0
main,f64_d1_fixed_precision,4,queue,0,10,64,16,1,17533978.4,73606102.0,379538491.2,0.0,0.0
main,f64_d1_fixed_precision,4,queue,1,10,64,16,1,17681704.6,73783251.5,379789608.0,0.0,0.0
main,f64_d1_fixed_precision,4,double,1,10,64,16,1,17406260.6,72684893.7,374156991.8,0.0,0.0
main,f64_d1_fixed_precision,4,double,2,10,64,16,1,18747110.3,71501811.0,373094791.1,0.0,0.0
main,f64_d1_fixed_precision,4,queue,2,10,64,16,1,17631243.0,73877520.9,379330229.1,0.0,0.0
main,f64_d1_fixed_precision,8,double,0,10,64,16,1,18471241.4,11811379.8,9789582.3,78368098.2,374116661.1
main,f64_d1_fixed_precision,8,queue,0,10,64,16,1,17371950.1,76785825.3,386738194.0,578932.7,764351.7
main,f64_d1_fixed_precision,8,queue,1,10,64,16,1,17996659.1,75469667.1,375298821.6,5294443.8,10031214.0
main,f64_d1_fixed_precision,8,double,1,10,64,16,1,19918016.6,74003321.0,358403438.8,14236326.7,26053718.2
main,f64_d1_fixed_precision,8,double,2,10,64,16,1,20874491.1,75398105.5,359330970.9,14968793.8,25508490.6
main,f64_d1_fixed_precision,8,queue,2,10,64,16,1,17687113.0,76656011.1,386258866.1,722565.6,1105311.9
main,f64_d1_fixed_accuracy,2,double,0,10,64,16,1,18011260.9,66666553.7,377317264.8,0.0,0.0
main,f64_d1_fixed_accuracy,2,queue,0,10,64,16,1,18715469.4,68089165.8,377507920.2,0.0,0.0
main,f64_d1_fixed_accuracy,2,queue,1,10,64,16,1,18403970.5,68755610.3,377610225.5,0.0,0.0
main,f64_d1_fixed_accuracy,2,double,1,10,64,16,1,17910098.4,67151916.8,377370115.6,0.0,0.0
main,f64_d1_fixed_accuracy,2,double,2,10,64,16,1,17840967.7,67020184.7,377364756.5,0.0,0.0
main,f64_d1_fixed_accuracy,2,queue,2,10,64,16,1,18034665.4,68654468.0,377653198.7,0.0,0.0
main,f64_d1_fixed_accuracy,4,double,0,10,64,16,1,17188278.6,72773742.1,381865732.6,0.0,0.0
main,f64_d1_fixed_accuracy,4,queue,0,10,64,16,1,17202973.6,73481717.8,387392549.4,0.0,0.0
main,f64_d1_fixed_accuracy,4,queue,1,10,64,16,1,17380474.9,73277287.2,385646382.4,0.0,0.0
main,f64_d1_fixed_accuracy,4,double,1,10,64,16,1,17128496.0,73091426.5,381823665.7,0.0,0.0
main,f64_d1_fixed_accuracy,4,double,2,10,64,16,1,17052437.8,72989525.7,381896554.0,0.0,0.0
main,f64_d1_fixed_accuracy,4,queue,2,10,64,16,1,17174537.2,73177407.0,387203482.2,0.0,0.0
main,f64_d1_fixed_accuracy,8,double,0,10,64,16,1,19608712.4,9245891.8,7390886.7,79514799.6,384012803.6
main,f64_d1_fixed_accuracy,8,queue,0,10,64,16,1,17332409.2,75597059.0,388599538.3,3114101.2,5811858.6
main,f64_d1_fixed_accuracy,8,queue,1,10,64,16,1,17370534.9,76861663.2,392346269.2,1546453.9,2664333.7
main,f64_d1_fixed_accuracy,8,double,1,10,64,16,1,18508593.1,82715659.7,399977521.5,9967168.6,-6130233.6
main,f64_d1_fixed_accuracy,8,double,2,10,64,16,1,17891729.2,79478256.6,369081369.9,16684868.0,25277453.7
main,f64_d1_fixed_accuracy,8,queue,2,10,64,16,1,16071295.0,77995300.1,395086401.2,308153.0,364976.1
main,f64_d1_reversible,2,double,0,10,64,16,1,42422123.0,160092991.3,798791887.9,0.0,0.0
main,f64_d1_reversible,2,queue,0,10,64,16,1,43966794.6,161740312.7,799080880.9,0.0,0.0
main,f64_d1_reversible,2,queue,1,10,64,16,1,43687460.4,161181942.6,799080428.8,0.0,0.0
main,f64_d1_reversible,2,double,1,10,64,16,1,41806149.2,159234761.8,798792662.8,0.0,0.0
main,f64_d1_reversible,2,double,2,10,64,16,1,41763774.7,159688311.7,798791779.5,0.0,0.0
main,f64_d1_reversible,2,queue,2,10,64,16,1,44958232.5,160682307.0,798878085.9,0.0,0.0
main,f64_d1_reversible,4,double,0,10,64,16,1,40052168.5,163390103.5,803356776.3,0.0,0.0
main,f64_d1_reversible,4,queue,0,10,64,16,1,41659614.4,166729617.7,808923878.7,0.0,0.0
main,f64_d1_reversible,4,queue,1,10,64,16,1,41586119.0,166891637.4,808968582.5,0.0,0.0
main,f64_d1_reversible,4,double,1,10,64,16,1,40963641.9,163527113.2,803484434.1,0.0,0.0
main,f64_d1_reversible,4,double,2,10,64,16,1,40976931.2,163561807.7,803407741.4,0.0,0.0
main,f64_d1_reversible,4,queue,2,10,64,16,1,41511874.6,166758659.3,809357076.9,0.0,0.0
main,f64_d1_reversible,8,double,0,10,64,16,1,41468112.0,171915261.9,797191732.1,12750641.1,20249662.5
main,f64_d1_reversible,8,queue,0,10,64,16,1,41586597.0,170232487.6,816879428.6,115121.8,64521.8
main,f64_d1_reversible,8,queue,1,10,64,16,1,40417505.1,170784348.2,816426292.0,320848.3,424950.4
main,f64_d1_reversible,8,double,1,10,64,16,1,41548126.8,187911872.8,872997424.9,-4561852.9,-54959453.3
main,f64_d1_reversible,8,double,2,10,64,16,1,41577740.8,171907327.7,798142312.9,12175220.2,19883399.5
main,f64_d1_reversible,8,queue,2,10,64,16,1,41983310.6,170238839.0,816793352.7,147473.3,173842.1
main,f64_d2_fixed_precision,2,double,0,22,64,16,1,4902290.909090909,26525998.454545453,136138684.3181818,0.0,0.0
main,f64_d2_fixed_precision,2,queue,0,22,64,16,1,4796661.818181818,27172154.954545453,138198441.36363637,0.0,0.0
main,f64_d2_fixed_precision,2,queue,1,22,64,16,1,4845878.681818182,27214116.40909091,138178632.1818182,0.0,0.0
main,f64_d2_fixed_precision,2,double,1,22,64,16,1,5496343.954545454,26584411.09090909,136069931.27272728,0.0,0.0
main,f64_d2_fixed_precision,2,double,2,22,64,16,1,5126230.409090909,26510349.59090909,136139968.72727272,0.0,0.0
main,f64_d2_fixed_precision,2,queue,2,22,64,16,1,4925607.818181818,27181840.863636363,138204092.0,0.0,0.0
main,f64_d2_fixed_precision,4,double,0,21,64,16,1,4784729.904761905,28234552.95238095,138296591.66666666,0.0,0.0
main,f64_d2_fixed_precision,4,queue,0,21,64,16,1,4706583.333333333,31009059.476190478,144568043.95238096,0.0,0.0
main,f64_d2_fixed_precision,4,queue,1,21,64,16,1,4950575.619047619,30928072.38095238,144944454.66666666,0.0,0.0
main,f64_d2_fixed_precision,4,double,1,21,64,16,1,4847407.428571428,28371737.0,138338266.66666666,0.0,0.0
main,f64_d2_fixed_precision,4,double,2,21,64,16,1,4823197.952380952,28335205.285714287,138314929.57142857,0.0,0.0
main,f64_d2_fixed_precision,4,queue,2,21,64,16,1,4935472.571428572,30874998.76190476,144684971.85714287,0.0,0.0
main,f64_d2_fixed_precision,8,double,0,20,64,16,1,5094648.85,29917777.35,115175060.4,14410994.45,32771815.75
main,f64_d2_fixed_precision,8,queue,0,20,64,16,1,4981494.65,32829151.45,148613586.45,428945.5,1488012.8
main,f64_d2_fixed_precision,8,queue,1,20,64,16,1,4992468.4,32988916.35,149405735.5,291537.85,929816.9
main,f64_d2_fixed_precision,8,double,1,20,64,16,1,5122542.3,29837061.85,115356272.5,14218837.95,32690387.35
main,f64_d2_fixed_precision,8,double,2,20,64,16,1,5273699.0,30173978.9,115455586.9,14308919.9,32498526.4
main,f64_d2_fixed_precision,8,queue,2,20,64,16,1,4449141.45,32969913.7,147586629.75,706271.05,2025505.15
main,f64_d2_fixed_accuracy,2,double,0,17,64,16,1,5968316.176470588,29295016.529411763,151549556.6470588,0.0,0.0
main,f64_d2_fixed_accuracy,2,queue,0,17,64,16,1,5829407.0,30027796.352941178,153638500.82352942,0.0,0.0
main,f64_d2_fixed_accuracy,2,queue,1,17,64,16,1,5812064.470588235,29992867.11764706,153590949.7647059,0.0,0.0
main,f64_d2_fixed_accuracy,2,double,1,17,64,16,1,5956449.176470588,29355359.411764707,151541863.88235295,0.0,0.0
main,f64_d2_fixed_accuracy,2,double,2,17,64,16,1,5900646.0,29327411.588235293,151540174.47058824,0.0,0.0
main,f64_d2_fixed_accuracy,2,queue,2,17,64,16,1,5853629.882352941,30061383.29411765,153605504.4117647,0.0,0.0
main,f64_d2_fixed_accuracy,4,double,0,19,64,16,1,5195784.052631579,31004824.52631579,153842777.78947368,0.0,0.0
main,f64_d2_fixed_accuracy,4,queue,0,19,64,16,1,5633631.631578947,33946208.421052635,160341363.0526316,0.0,0.0
main,f64_d2_fixed_accuracy,4,queue,1,19,64,16,1,5875123.315789473,33825286.526315786,160329265.89473686,0.0,0.0
main,f64_d2_fixed_accuracy,4,double,1,19,64,16,1,5569602.894736842,31142287.10526316,153920394.0526316,0.0,0.0
main,f64_d2_fixed_accuracy,4,double,2,19,64,16,1,5822141.105263158,31364659.89473684,153961378.15789473,0.0,0.0
main,f64_d2_fixed_accuracy,4,queue,2,19,64,16,1,5887793.2105263155,33770915.631578945,160253465.10526314,0.0,0.0
main,f64_d2_fixed_accuracy,8,double,0,17,64,16,1,6409421.882352941,33070461.05882353,131662696.35294117,14305728.94117647,31556933.588235293
main,f64_d2_fixed_accuracy,8,queue,0,17,64,16,1,5909936.470588235,35735292.823529415,164882614.94117647,386875.23529411765,818473.5882352941
main,f64_d2_fixed_accuracy,8,queue,1,17,64,16,1,5916885.882352941,36938944.294117644,171458753.17647058,-1254825.0,-5735740.529411765
main,f64_d2_fixed_accuracy,8,double,1,17,64,16,1,6086467.529411765,32873605.70588235,131276733.70588236,14359222.588235294,32053140.647058822
main,f64_d2_fixed_accuracy,8,double,2,17,64,16,1,6155450.294117647,34346368.941176474,131957927.1764706,15164518.764705881,31762250.94117647
main,f64_d2_fixed_accuracy,8,queue,2,17,64,16,1,5947220.764705882,35724869.705882356,164909759.6470588,406542.1176470588,687701.7647058824
main,f64_d2_reversible,2,double,0,10,64,16,1,12352284.5,49371495.6,252905520.3,0.0,0.0
main,f64_d2_reversible,2,queue,0,10,64,16,1,12339819.3,49876944.8,254977381.1,0.0,0.0
main,f64_d2_reversible,2,queue,1,10,64,16,1,12372837.4,49876600.1,254988531.4,0.0,0.0
main,f64_d2_reversible,2,double,1,10,64,16,1,12331355.3,49186539.8,252908426.3,0.0,0.0
main,f64_d2_reversible,2,double,2,10,64,16,1,12325264.4,49064681.7,252908501.4,0.0,0.0
main,f64_d2_reversible,2,queue,2,10,64,16,1,12345101.8,49870329.1,254983591.8,0.0,0.0
main,f64_d2_reversible,4,double,0,10,64,16,1,11875855.1,51146868.7,255764388.3,0.0,0.0
main,f64_d2_reversible,4,queue,0,10,64,16,1,11880352.1,53597947.9,261617799.7,0.0,0.0
main,f64_d2_reversible,4,queue,1,10,64,16,1,11944229.9,53396045.3,261647284.2,0.0,0.0
main,f64_d2_reversible,4,double,1,10,64,16,1,11892685.5,51281617.4,255847313.2,0.0,0.0
main,f64_d2_reversible,4,double,2,10,64,16,1,11917281.8,51385254.1,255761272.7,0.0,0.0
main,f64_d2_reversible,4,queue,2,10,64,16,1,11577256.1,54019496.4,261575328.3,0.0,0.0
main,f64_d2_reversible,8,double,0,10,64,16,1,13462502.5,48615827.2,235160682.1,10327906.4,27984639.2
main,f64_d2_reversible,8,queue,0,10,64,16,1,13158575.9,56196295.7,267017349.5,329861.3,163225.6
main,f64_d2_reversible,8,queue,1,10,64,16,1,12076597.7,56711997.3,267390246.8,23695.6,-72989.9
main,f64_d2_reversible,8,double,1,10,64,16,1,12458232.1,54602063.6,239710519.8,12968200.8,26133326.3
main,f64_d2_reversible,8,double,2,10,64,16,1,12364503.1,55261452.9,239948803.4,13096028.5,25963827.7
main,f64_d2_reversible,8,queue,2,10,64,16,1,12160152.5,55628624.2,266988788.9,113231.8,74955.7
main,f64_d3_fixed_precision,2,double,0,33,64,16,1,3324931.4545454546,17040086.12121212,69857383.45454545,0.0,0.0
main,f64_d3_fixed_precision,2,queue,0,33,64,16,1,2386326.090909091,16611875.848484848,69394390.81818181,0.0,0.0
main,f64_d3_fixed_precision,2,queue,1,33,64,16,1,2475135.787878788,16770991.272727273,69388051.93939394,0.0,0.0
main,f64_d3_fixed_precision,2,double,1,33,64,16,1,3366902.5454545454,17095369.515151516,69851386.72727273,0.0,0.0
main,f64_d3_fixed_precision,2,double,2,33,64,16,1,3320385.727272727,17106563.12121212,69853403.63636364,0.0,0.0
main,f64_d3_fixed_precision,2,queue,2,33,64,16,1,2389946.121212121,16681314.93939394,69389623.3030303,0.0,0.0
main,f64_d3_fixed_precision,4,double,0,62,64,16,1,1768721.6129032257,18186618.48387097,71474395.35483871,0.0,0.0
main,f64_d3_fixed_precision,4,queue,0,62,64,16,1,1724354.8064516129,18530189.887096774,72152757.64516129,0.0,0.0
main,f64_d3_fixed_precision,4,queue,1,62,64,16,1,1731416.7903225806,18464236.48387097,72132301.27419356,0.0,0.0
main,f64_d3_fixed_precision,4,double,1,62,64,16,1,1761388.8387096773,18137176.83870968,71371434.43548387,0.0,0.0
main,f64_d3_fixed_precision,4,double,2,62,64,16,1,1770418.7096774194,18168637.887096774,71400116.43548387,0.0,0.0
main,f64_d3_fixed_precision,4,queue,2,62,64,16,1,1740615.1129032257,18489832.79032258,72113888.96774194,0.0,0.0
main,f64_d3_fixed_precision,8,double,0,73,64,16,1,1857170.2739726028,15126335.87671233,48317907.82191781,11169727.465753425,30707161.657534245
main,f64_d3_fixed_precision,8,queue,0,73,64,16,1,1689258.1506849315,11520092.849315068,34011036.64383562,13834889.164383562,46773186.71232877
main,f64_d3_fixed_precision,8,queue,1,73,64,16,1,1797732.0410958903,16529426.452054795,57943938.97260274,8445753.04109589,22607333.17808219
main,f64_d3_fixed_precision,8,double,1,73,64,16,1,1917138.3424657534,15121486.04109589,48199181.7260274,11221264.465753425,30593968.315068495
main,f64_d3_fixed_precision,8,double,2,73,64,16,1,1981085.8356164384,15182055.02739726,48416083.31506849,11273603.232876712,30500249.397260275
main,f64_d3_fixed_precision,8,queue,2,73,64,16,1,1814125.2328767122,16603278.98630137,58524081.10958904,8359496.95890411,22017144.260273974
main,f64_d3_fixed_accuracy,2,double,0,26,64,16,1,4016341.769230769,19748941.46153846,85315457.26923077,0.0,0.0
main,f64_d3_fixed_accuracy,2,queue,0,26,64,16,1,2979977.769230769,19381036.230769232,84858139.57692307,0.0,0.0
main,f64_d3_fixed_accuracy,2,queue,1,26,64,16,1,2960545.3846153845,19445415.53846154,84866756.57692307,0.0,0.0
main,f64_d3_fixed_accuracy,2,double,1,26,64,16,1,3923036.1153846155,19782655.5,85326702.11538461,0.0,0.0
main,f64_d3_fixed_accuracy,2,double,2,26,64,16,1,3897369.5,19840284.807692308,85317049.0,0.0,0.0
main,f64_d3_fixed_accuracy,2,queue,2,26,64,16,1,2909713.3846153845,19354883.384615384,84868079.11538461,0.0,0.0
main,f64_d3_fixed_accuracy,4,double,0,57,64,16,1,2222602.9298245613,20890159.98245614,86908802.73684211,0.0,0.0
main,f64_d3_fixed_accuracy,4,queue,0,57,64,16,1,2152646.350877193,21480312.10526316,88213618.66666667,0.0,0.0
main,f64_d3_fixed_accuracy,4,queue,1,57,64,16,1,2216051.1228070175,21685330.263157893,88531517.42105263,0.0,0.0
main,f64_d3_fixed_accuracy,4,double,1,57,64,16,1,2278717.3157894737,20936476.280701753,87069911.68421052,0.0,0.0
main,f64_d3_fixed_accuracy,4,double,2,57,64,16,1,2282936.6315789474,20918100.57894737,87050641.38596492,0.0,0.0
main,f64_d3_fixed_accuracy,4,queue,2,57,64,16,1,2172812.596491228,21511828.96491228,88254047.71929824,0.0,0.0
main,f64_d3_fixed_accuracy,8,double,0,44,64,16,1,2405173.0,17613020.977272727,59019102.47727273,12900488.204545455,35956988.06818182
main,f64_d3_fixed_accuracy,8,queue,0,44,64,16,1,2314672.7954545454,19706164.454545453,72399386.20454545,7316784.613636363,22940063.045454547
main,f64_d3_fixed_accuracy,8,queue,1,44,64,16,1,2300474.5,19755407.65909091,72888416.61363636,7309929.886363637,22467553.681818184
main,f64_d3_fixed_accuracy,8,double,1,44,64,16,1,2362733.5454545454,17502851.5,59096988.02272727,12763576.681818182,35916361.77272727
main,f64_d3_fixed_accuracy,8,double,2,44,64,16,1,2377190.5454545454,17459947.113636363,59080026.06818182,12989969.863636363,35862458.81818182
main,f64_d3_fixed_accuracy,8,queue,2,44,64,16,1,2333773.7954545454,19520780.977272727,70842525.06818181,7856705.2272727275,24596062.613636363
main,f64_d3_reversible,2,double,0,20,64,16,1,5002129.45,29798292.8,124776988.2,0.0,0.0
main,f64_d3_reversible,2,queue,0,20,64,16,1,4728736.2,29688792.3,124863301.4,0.0,0.0
main,f64_d3_reversible,2,queue,1,20,64,16,1,4639763.0,29714853.1,124808351.7,0.0,0.0
main,f64_d3_reversible,2,double,1,20,64,16,1,4921692.25,29841377.25,124784441.8,0.0,0.0
main,f64_d3_reversible,2,double,2,20,64,16,1,4863656.6,29399777.1,124753299.65,0.0,0.0
main,f64_d3_reversible,2,queue,2,20,64,16,1,4653573.85,29811940.3,124814926.65,0.0,0.0
main,f64_d3_reversible,4,double,0,22,64,16,1,4755186.409090909,31078826.545454547,126750119.77272727,0.0,0.0
main,f64_d3_reversible,4,queue,0,22,64,16,1,4832607.409090909,33014300.181818184,130568132.22727273,0.0,0.0
main,f64_d3_reversible,4,queue,1,22,64,16,1,4820683.590909091,31418848.90909091,128548472.27272727,0.0,0.0
main,f64_d3_reversible,4,double,1,22,64,16,1,6146729.7272727275,31110148.318181816,126760748.45454545,0.0,0.0
main,f64_d3_reversible,4,double,2,22,64,16,1,4883006.045454546,31056278.181818184,126652427.0909091,0.0,0.0
main,f64_d3_reversible,4,queue,2,22,64,16,1,4908810.136363637,32980372.454545453,130619542.54545455,0.0,0.0
main,f64_d3_reversible,8,double,0,26,64,16,1,4963285.423076923,28139872.346153848,95807522.88461539,18426852.0,39940851.92307692
main,f64_d3_reversible,8,queue,0,26,64,16,1,4607700.692307692,19154712.0,68417628.84615384,17986158.0,66651691.884615384
main,f64_d3_reversible,8,queue,1,26,64,16,1,4911303.807692308,34335783.807692304,132839017.57692307,1181483.6538461538,2216524.846153846
main,f64_d3_reversible,8,double,1,26,64,16,1,4939264.461538462,28005022.53846154,95977033.38461539,17661066.307692308,39510649.42307692
main,f64_d3_reversible,8,double,2,26,64,16,1,4921486.884615385,28076673.730769232,95818081.57692307,17819478.230769232,39933754.692307696
main,f64_d3_reversible,8,queue,2,26,64,16,1,4915134.346153846,34355028.384615384,132446857.5,1461897.423076923,2689271.076923077
main,f64_d4_fixed_accuracy,2,double,0,30,64,16,1,3595275.8,17697500.633333333,71430626.06666666,0.0,0.0
main,f64_d4_fixed_accuracy,2,queue,0,30,64,16,1,2704613.5,18366348.3,71093145.76666667,0.0,0.0
main,f64_d4_fixed_accuracy,2,queue,1,30,64,16,1,2699633.2666666666,18468184.966666665,71087125.86666666,0.0,0.0
main,f64_d4_fixed_accuracy,2,double,1,30,64,16,1,3541989.8333333335,17707194.966666665,71428619.53333333,0.0,0.0
main,f64_d4_fixed_accuracy,2,double,2,30,64,16,1,3911185.066666667,19450317.7,71431651.43333334,0.0,0.0
main,f64_d4_fixed_accuracy,2,queue,2,30,64,16,1,2673319.6333333333,18547773.2,71087324.23333333,0.0,0.0
main,f64_d4_fixed_accuracy,4,double,0,67,64,16,1,1776319.2388059702,19736185.701492537,72975130.6119403,0.0,0.0
main,f64_d4_fixed_accuracy,4,queue,0,67,64,16,1,1821563.5074626866,21830634.597014926,72205411.6119403,0.0,0.0
main,f64_d4_fixed_accuracy,4,queue,1,67,64,16,1,1773418.5970149254,22640981.253731344,72543957.94029851,0.0,0.0
main,f64_d4_fixed_accuracy,4,double,1,67,64,16,1,1737606.9104477612,19546966.94029851,72966309.08955224,0.0,0.0
main,f64_d4_fixed_accuracy,4,double,2,67,64,16,1,1854226.2835820895,19532650.164179105,72906400.26865672,0.0,0.0
main,f64_d4_fixed_accuracy,4,queue,2,67,64,16,1,1786517.5223880596,22575239.268656716,72581352.49253732,0.0,0.0
main,f64_d4_fixed_accuracy,8,double,0,63,64,16,1,1868334.349206349,17160228.476190478,48349808.82539683,14342812.761904761,32431709.365079366
main,f64_d4_fixed_accuracy,8,queue,0,63,64,16,1,1851977.2063492064,20012837.38095238,57022505.52380952,11260321.206349207,24338084.57142857
main,f64_d4_fixed_accuracy,8,queue,1,63,64,16,1,1779214.9365079366,12002123.19047619,30266248.968253966,16340417.253968254,50798208.984126985
main,f64_d4_fixed_accuracy,8,double,1,63,64,16,1,1886508.4444444445,16907399.444444444,48413006.41269841,14396724.0,32470326.174603175
main,f64_d4_fixed_accuracy,8,double,2,63,64,16,1,1880701.9206349207,16837133.57142857,48362496.50793651,14462715.158730159,32512649.507936507
main,f64_d4_fixed_accuracy,8,queue,2,63,64,16,1,1871571.365079365,20307117.111111112,60985321.96825397,9955888.349206349,20402217.42857143
large,i64_d3_fixed_precision,2,double,0,5,64,16,16,33679479.8,159861214.2,160784975.8,0.0,0.0
large,i64_d3_fixed_precision,2,queue,0,5,64,16,16,19783552.4,162765277.4,151207805.2,0.0,0.0
large,i64_d3_fixed_precision,2,queue,1,5,64,16,16,19707979.2,163201961.8,151240483.2,0.0,0.0
large,i64_d3_fixed_precision,2,double,1,5,64,16,16,33330162.4,160080778.2,160860168.6,0.0,0.0
large,i64_d3_fixed_precision,2,double,2,5,64,16,16,33261275.4,159059024.0,160823000.0,0.0,0.0
large,i64_d3_fixed_precision,2,queue,2,5,64,16,16,19617557.8,164777685.8,151231277.0,0.0,0.0
large,i64_d3_fixed_precision,4,double,0,13,64,16,16,13219743.076923076,167847092.53846154,179932934.92307693,0.0,0.0
large,i64_d3_fixed_precision,4,queue,0,13,64,16,16,9720951.923076924,157946712.92307693,151796103.6153846,0.0,0.0
large,i64_d3_fixed_precision,4,queue,1,13,64,16,16,9696874.76923077,157372881.30769232,151820922.30769232,0.0,0.0
large,i64_d3_fixed_precision,4,double,1,13,64,16,16,22042410.153846152,170431475.6153846,182817681.84615386,0.0,0.0
large,i64_d3_fixed_precision,4,double,2,13,64,16,16,13364207.923076924,167937074.3846154,180166917.53846154,0.0,0.0
large,i64_d3_fixed_precision,4,queue,2,13,64,16,16,9731960.384615384,157923321.76923078,151766920.23076922,0.0,0.0
large,i64_d3_fixed_precision,8,double,0,19,64,16,16,10322661.105263159,121473862.10526316,105750805.63157895,123049123.84210527,124457726.42105263
large,i64_d3_fixed_precision,8,queue,0,19,64,16,16,7470919.52631579,105578304.57894737,110828481.15789473,78677602.36842105,75104586.5263158
large,i64_d3_fixed_precision,8,queue,1,19,64,16,16,7290855.105263158,105478572.57894737,111011034.4736842,78428319.42105263,75140467.0
large,i64_d3_fixed_precision,8,double,1,19,64,16,16,8758030.0,111546427.21052632,120332017.5263158,103669977.0,79993904.05263157
large,i64_d3_fixed_precision,8,double,2,19,64,16,16,8173201.105263158,108256249.15789473,116301124.26315789,102695189.89473684,77254473.5263158
large,i64_d3_fixed_precision,8,queue,2,19,64,16,16,7353686.421052632,104296099.26315789,110225374.5263158,77400727.42105263,73519206.15789473
large,f32_d3_fixed_precision,2,double,0,5,64,16,16,34864405.8,189346775.0,831617544.2,0.0,0.0
large,f32_d3_fixed_precision,2,queue,0,5,64,16,16,26331666.2,190576550.2,826798998.8,0.0,0.0
large,f32_d3_fixed_precision,2,queue,1,5,64,16,16,26181963.2,189207704.8,826801798.0,0.0,0.0
large,f32_d3_fixed_precision,2,double,1,5,64,16,16,36169791.8,188467279.4,831524511.4,0.0,0.0
large,f32_d3_fixed_precision,2,double,2,5,64,16,16,34089240.0,189361201.2,831593777.8,0.0,0.0
large,f32_d3_fixed_precision,2,queue,2,5,64,16,16,25877495.6,188060057.2,826793783.8,0.0,0.0
large,f32_d3_fixed_precision,4,double,0,8,64,16,16,19093341.875,201029601.875,845218895.25,0.0,0.0
large,f32_d3_fixed_precision,4,queue,0,8,64,16,16,19270706.625,206980329.375,860365005.25,0.0,0.0
large,f32_d3_fixed_precision,4,queue,1,8,64,16,16,18869972.875,206216729.75,857942976.75,0.0,0.0
large,f32_d3_fixed_precision,4,double,1,8,64,16,16,18788830.125,198664953.25,843967483.875,0.0,0.0
large,f32_d3_fixed_precision,4,double,2,8,64,16,16,18721709.0,200735002.5,844363357.375,0.0,0.0
large,f32_d3_fixed_precision,4,queue,2,8,64,16,16,19031611.875,207467382.875,861180556.125,0.0,0.0
large,f32_d3_fixed_precision,8,double,0,9,64,16,16,19148555.888888888,160993121.0,605550046.5555556,118164309.55555555,310444664.3333333
large,f32_d3_fixed_precision,8,queue,0,9,64,16,16,19078714.222222224,214938174.55555555,859326558.7777778,31136591.555555556,53821656.666666664
large,f32_d3_fixed_precision,8,queue,1,9,64,16,16,19123503.111111112,217511663.44444445,865340181.3333334,29250921.777777776,48368757.88888889
large,f32_d3_fixed_precision,8,double,1,9,64,16,16,19104966.777777776,158701364.2222222,601448634.4444444,114770786.0,312023170.2222222
large,f32_d3_fixed_precision,8,double,2,9,64,16,16,19410329.222222224,159797381.7777778,602798796.8888888,117596521.77777778,313666584.0
large,f32_d3_fixed_precision,8,queue,2,9,64,16,16,18943205.666666668,213972016.0,845026187.5555556,37114334.666666664,70823129.8888889
large,f64_d4_fixed_precision,2,double,0,3,64,16,16,61568159.0,305801715.6666667,1012450712.0,0.0,0.0
large,f64_d4_fixed_precision,2,queue,0,3,64,16,16,36831027.333333336,284568291.6666667,1004696607.3333334,0.0,0.0
large,f64_d4_fixed_precision,2,queue,1,3,64,16,16,36876690.666666664,284303800.3333333,1005287960.3333334,0.0,0.0
large,f64_d4_fixed_precision,2,double,1,3,64,16,16,60883967.666666664,307005361.0,1012971913.0,0.0,0.0
large,f64_d4_fixed_precision,2,double,2,3,64,16,16,61680641.0,286185035.3333333,1012559794.3333334,0.0,0.0
large,f64_d4_fixed_precision,2,queue,2,3,64,16,16,36798729.666666664,284117637.0,1004691278.6666666,0.0,0.0
large,f64_d4_fixed_precision,4,double,0,8,64,16,16,22012594.625,298233980.875,1028257792.75,0.0,0.0
large,f64_d4_fixed_precision,4,queue,0,8,64,16,16,20276378.875,309133628.625,1005332647.375,0.0,0.0
large,f64_d4_fixed_precision,4,queue,1,8,64,16,16,19494583.625,283523138.5,1005386570.125,0.0,0.0
large,f64_d4_fixed_precision,4,double,1,8,64,16,16,23171979.75,312961916.0,1031800709.75,0.0,0.0
large,f64_d4_fixed_precision,4,double,2,8,64,16,16,22243541.0,296484226.125,1026848997.75,0.0,0.0
large,f64_d4_fixed_precision,4,queue,2,8,64,16,16,19244619.875,280813152.125,1005393678.375,0.0,0.0
large,f64_d4_fixed_precision,8,double,0,8,64,16,16,23342377.125,216619295.5,646677364.625,238215313.375,458373932.875
large,f64_d4_fixed_precision,8,queue,0,8,64,16,16,19387134.0,243935281.875,791067845.0,162870830.875,325237486.375
large,f64_d4_fixed_precision,8,queue,1,8,64,16,16,19507666.125,244403157.625,787862738.375,164069037.375,327894684.0
large,f64_d4_fixed_precision,8,double,1,8,64,16,16,20487627.375,213780445.75,628463534.375,253540445.375,484920282.875
large,f64_d4_fixed_precision,8,double,2,8,64,16,16,20390508.625,213929217.75,629583989.125,252838760.375,486526804.75
large,f64_d4_fixed_precision,8,queue,2,8,64,16,16,19775508.5,241209962.625,777396554.375,166877016.375,334551859.75
large,f64_d4_reversible,2,double,0,3,64,16,16,77368538.33333333,415262522.0,1724338586.3333333,0.0,0.0
large,f64_d4_reversible,2,queue,0,3,64,16,16,61110585.0,416737241.3333333,1716565874.3333333,0.0,0.0
large,f64_d4_reversible,2,queue,1,3,64,16,16,61373373.0,425393997.0,1716849829.0,0.0,0.0
large,f64_d4_reversible,2,double,1,3,64,16,16,83151269.33333333,461434362.6666667,1724480240.3333333,0.0,0.0
large,f64_d4_reversible,2,double,2,3,64,16,16,74557617.33333333,414953337.3333333,1723973104.0,0.0,0.0
large,f64_d4_reversible,2,queue,2,3,64,16,16,60399450.666666664,423196673.0,1716840421.6666667,0.0,0.0
large,f64_d4_reversible,4,double,0,4,64,16,16,51369670.75,442699867.75,1756744483.0,0.0,0.0
large,f64_d4_reversible,4,queue,0,4,64,16,16,50948152.25,471083498.25,1787149406.75,0.0,0.0
large,f64_d4_reversible,4,queue,1,4,64,16,16,51116799.0,470895442.0,1798152623.5,0.0,0.0
large,f64_d4_reversible,4,double,1,4,64,16,16,48500559.5,445302474.25,1754429392.25,0.0,0.0
large,f64_d4_reversible,4,double,2,4,64,16,16,48731267.5,451902799.75,1747652285.5,0.0,0.0
large,f64_d4_reversible,4,queue,2,4,64,16,16,50775210.25,476527612.0,1794787647.5,0.0,0.0
large,f64_d4_reversible,8,double,0,3,64,16,16,50172604.666666664,364892305.0,1249271297.0,312228032.6666667,636704273.0
large,f64_d4_reversible,8,queue,0,3,64,16,16,49555184.0,502000270.6666667,1836165658.3333333,45439551.333333336,65380419.0
large,f64_d4_reversible,8,queue,1,3,64,16,16,50013604.0,541205189.3333334,1805595341.6666667,52900569.333333336,81384783.0
large,f64_d4_reversible,8,double,1,3,64,16,16,49112984.0,354546499.0,1253247602.3333333,310625116.0,632290035.0
large,f64_d4_reversible,8,double,2,3,64,16,16,49576305.333333336,345923439.3333333,1253158501.3333333,312752290.0,632429599.6666666
large,f64_d4_reversible,8,queue,2,3,64,16,16,49309899.333333336,507155740.6666667,1834307758.3333333,44851105.666666664,64472453.0
serial-controls,i32_d1_fixed_rate,0,double,0,16,64,16,1,6422470.375,22105517.8125,141355444.875,0.0,0.0
serial-controls,i32_d1_fixed_rate,0,queue,0,16,64,16,1,6330019.875,22049822.75,141355419.9375,0.0,0.0
serial-controls,i32_d1_fixed_rate,0,queue,1,16,64,16,1,6352340.5625,22113980.25,141355374.125,0.0,0.0
serial-controls,i32_d1_fixed_rate,0,double,1,16,64,16,1,6374044.25,22267084.0,141355401.375,0.0,0.0
serial-controls,i32_d1_fixed_rate,0,double,2,16,64,16,1,6290678.125,22160566.1875,141355433.25,0.0,0.0
serial-controls,i32_d1_fixed_rate,0,queue,2,16,64,16,1,6236446.0625,22030650.875,141355420.25,0.0,0.0
serial-controls,i32_d1_fixed_precision,0,double,0,18,64,16,1,5846559.833333333,20629461.944444444,129759251.55555555,0.0,0.0
serial-controls,i32_d1_fixed_precision,0,queue,0,18,64,16,1,5814419.388888889,20542844.333333332,129759243.55555555,0.0,0.0
serial-controls,i32_d1_fixed_precision,0,queue,1,18,64,16,1,5986770.055555556,20551742.444444444,129759294.1111111,0.0,0.0
serial-controls,i32_d1_fixed_precision,0,double,1,18,64,16,1,6129209.666666667,20585465.111111112,129759346.66666667,0.0,0.0
serial-controls,i32_d1_fixed_precision,0,double,2,18,64,16,1,6107375.944444444,20662689.666666668,129759299.05555555,0.0,0.0
serial-controls,i32_d1_fixed_precision,0,queue,2,18,64,16,1,6276559.833333333,20587876.611111112,129759299.22222222,0.0,0.0
serial-controls,i32_d1_reversible,0,double,0,10,64,16,1,10595943.6,35779036.2,231133199.4,0.0,0.0
serial-controls,i32_d1_reversible,0,queue,0,10,64,16,1,10277926.8,35673405.2,231133185.2,0.0,0.0
serial-controls,i32_d1_reversible,0,queue,1,10,64,16,1,10124197.9,35713398.4,231133079.2,0.0,0.0
serial-controls,i32_d1_reversible,0,double,1,10,64,16,1,10012454.4,35770755.3,231133223.2,0.0,0.0
serial-controls,i32_d1_reversible,0,double,2,10,64,16,1,9984763.6,35762436.7,231133181.8,0.0,0.0
serial-controls,i32_d1_reversible,0,queue,2,10,64,16,1,9975282.0,35666539.2,231133150.2,0.0,0.0
serial-controls,i32_d2_fixed_rate,0,double,0,28,64,16,1,3544473.4285714286,12757205.035714285,81911347.67857143,0.0,0.0
serial-controls,i32_d2_fixed_rate,0,queue,0,28,64,16,1,3530991.714285714,12736112.5,81911372.92857143,0.0,0.0
serial-controls,i32_d2_fixed_rate,0,queue,1,28,64,16,1,3539128.3571428573,12803884.535714285,81911363.96428572,0.0,0.0
serial-controls,i32_d2_fixed_rate,0,double,1,28,64,16,1,3530936.535714286,12802899.0,81911388.17857143,0.0,0.0
serial-controls,i32_d2_fixed_rate,0,double,2,28,64,16,1,3491376.3571428573,12770419.75,81911394.21428572,0.0,0.0
serial-controls,i32_d2_fixed_rate,0,queue,2,28,64,16,1,3492970.8928571427,12676685.035714285,81911372.17857143,0.0,0.0
serial-controls,i32_d2_fixed_precision,0,double,0,32,64,16,1,3204278.5,11763499.21875,72018983.5,0.0,0.0
serial-controls,i32_d2_fixed_precision,0,queue,0,32,64,16,1,3228617.03125,11819271.65625,72018957.4375,0.0,0.0
serial-controls,i32_d2_fixed_precision,0,queue,1,32,64,16,1,3238092.65625,11845450.0,72018965.6875,0.0,0.0
serial-controls,i32_d2_fixed_precision,0,double,1,32,64,16,1,3213947.21875,11829914.625,72018990.21875,0.0,0.0
serial-controls,i32_d2_fixed_precision,0,double,2,32,64,16,1,3205922.21875,11773687.25,72018951.5,0.0,0.0
serial-controls,i32_d2_fixed_precision,0,queue,2,32,64,16,1,3198692.96875,11754662.84375,72018956.78125,0.0,0.0
serial-controls,i32_d2_reversible,0,double,0,23,64,16,1,4445916.695652174,16220073.52173913,104080758.3478261,0.0,0.0
serial-controls,i32_d2_reversible,0,queue,0,23,64,16,1,4601784.478260869,16163842.913043479,104080764.60869566,0.0,0.0
serial-controls,i32_d2_reversible,0,queue,1,23,64,16,1,5044062.434782608,16150786.260869564,104080774.52173913,0.0,0.0
serial-controls,i32_d2_reversible,0,double,1,23,64,16,1,4875820.347826087,16227100.47826087,104080789.52173913,0.0,0.0
serial-controls,i32_d2_reversible,0,double,2,23,64,16,1,4588806.130434782,16207427.391304348,104080772.3478261,0.0,0.0
serial-controls,i32_d2_reversible,0,queue,2,23,64,16,1,4493135.565217392,16161470.739130436,104080762.17391305,0.0,0.0
serial-controls,i32_d3_fixed_rate,0,double,0,42,64,16,1,2342234.380952381,8768095.833333334,47221962.428571425,0.0,0.0
serial-controls,i32_d3_fixed_rate,0,queue,0,42,64,16,1,2362658.714285714,8833407.785714285,47221985.28571428,0.0,0.0
serial-controls,i32_d3_fixed_rate,0,queue,1,42,64,16,1,2349361.4285714286,8742127.833333334,47221985.64285714,0.0,0.0
serial-controls,i32_d3_fixed_rate,0,double,1,42,64,16,1,2353146.0476190476,8813913.11904762,47221964.38095238,0.0,0.0
serial-controls,i32_d3_fixed_rate,0,double,2,42,64,16,1,2354992.1428571427,8684696.11904762,47222004.88095238,0.0,0.0
serial-controls,i32_d3_fixed_rate,0,queue,2,42,64,16,1,2357462.6666666665,8818067.785714285,47221981.97619048,0.0,0.0
serial-controls,i32_d3_fixed_precision,0,double,0,52,64,16,1,1924533.7884615385,7279568.019230769,37172728.82692308,0.0,0.0
serial-controls,i32_d3_fixed_precision,0,queue,0,52,64,16,1,2015350.3076923077,7686612.346153846,37172772.32692308,0.0,0.0
serial-controls,i32_d3_fixed_precision,0,queue,1,52,64,16,1,1923137.7115384615,7242128.884615385,37172706.057692304,0.0,0.0
serial-controls,i32_d3_fixed_precision,0,double,1,52,64,16,1,1948128.826923077,7407446.326923077,37172725.57692308,0.0,0.0
serial-controls,i32_d3_fixed_precision,0,double,2,52,64,16,1,2023490.4038461538,7821631.442307692,37172710.5,0.0,0.0
serial-controls,i32_d3_fixed_precision,0,queue,2,52,64,16,1,1922709.923076923,7264734.461538462,37172714.134615384,0.0,0.0
serial-controls,i32_d3_reversible,0,double,0,45,64,16,1,2251244.2,8202644.288888888,50907239.86666667,0.0,0.0
serial-controls,i32_d3_reversible,0,queue,0,45,64,16,1,2282820.4444444445,8336135.622222222,50907263.57777778,0.0,0.0
serial-controls,i32_d3_reversible,0,queue,1,45,64,16,1,2286398.311111111,8333414.711111112,50907223.755555555,0.0,0.0
serial-controls,i32_d3_reversible,0,double,1,45,64,16,1,2302641.8666666667,8311358.822222223,50907241.95555556,0.0,0.0
serial-controls,i32_d3_reversible,0,double,2,45,64,16,1,2250463.3777777776,8160135.488888889,50907246.777777776,0.0,0.0
serial-controls,i32_d3_reversible,0,queue,2,45,64,16,1,2291691.222222222,8214359.088888889,50907259.02222222,0.0,0.0
serial-controls,i32_d4_fixed_rate,0,double,0,40,64,16,1,2568920.2,9989884.575,47103540.575,0.0,0.0
serial-controls,i32_d4_fixed_rate,0,queue,0,40,64,16,1,2555582.25,9735920.425,47162314.85,0.0,0.0
serial-controls,i32_d4_fixed_rate,0,queue,1,40,64,16,1,2555549.15,9920819.7,47160868.15,0.0,0.0
serial-controls,i32_d4_fixed_rate,0,double,1,40,64,16,1,2513860.1,9913076.375,47162332.65,0.0,0.0
serial-controls,i32_d4_fixed_rate,0,double,2,40,64,16,1,2559719.875,9985351.7,47102093.05,0.0,0.0
serial-controls,i32_d4_fixed_rate,0,queue,2,40,64,16,1,2531497.0,9826337.175,47102102.425,0.0,0.0
serial-controls,i32_d4_fixed_precision,0,double,0,52,64,16,1,1960821.326923077,7757227.076923077,35213506.461538464,0.0,0.0
serial-controls,i32_d4_fixed_precision,0,queue,0,52,64,16,1,1984190.2884615385,7876665.576923077,35213499.90384615,0.0,0.0
serial-controls,i32_d4_fixed_precision,0,queue,1,52,64,16,1,1950289.5,7731840.25,35155050.90384615,0.0,0.0
serial-controls,i32_d4_fixed_precision,0,double,1,52,64,16,1,1947705.6153846155,7776090.269230769,35213495.42307692,0.0,0.0
serial-controls,i32_d4_fixed_precision,0,double,2,52,64,16,1,1949149.8846153845,7767736.807692308,35213509.65384615,0.0,0.0
serial-controls,i32_d4_fixed_precision,0,queue,2,52,64,16,1,1940192.7307692308,7715929.711538462,35214598.961538464,0.0,0.0
serial-controls,i32_d4_reversible,0,double,0,40,64,16,1,2571774.975,9999551.675,48453735.7,0.0,0.0
serial-controls,i32_d4_reversible,0,queue,0,40,64,16,1,2560285.175,9942290.375,48455129.975,0.0,0.0
serial-controls,i32_d4_reversible,0,queue,1,40,64,16,1,2542306.8,9877746.525,48453716.375,0.0,0.0
serial-controls,i32_d4_reversible,0,double,1,40,64,16,1,2541552.05,9888985.675,48453722.3,0.0,0.0
serial-controls,i32_d4_reversible,0,double,2,40,64,16,1,2533723.725,9845852.55,48452273.1,0.0,0.0
serial-controls,i32_d4_reversible,0,queue,2,40,64,16,1,2544959.075,9939633.475,48453731.4,0.0,0.0
serial-controls,i64_d1_fixed_rate,0,double,0,14,64,16,1,7550433.928571428,27453386.07142857,176758635.64285713,0.0,0.0
serial-controls,i64_d1_fixed_rate,0,queue,0,14,64,16,1,7611121.785714285,27474269.07142857,176758609.0,0.0,0.0
serial-controls,i64_d1_fixed_rate,0,queue,1,14,64,16,1,7593713.785714285,27444807.64285714,176758637.0,0.0,0.0
serial-controls,i64_d1_fixed_rate,0,double,1,14,64,16,1,7507382.142857143,27407724.42857143,176758577.14285713,0.0,0.0
serial-controls,i64_d1_fixed_rate,0,double,2,14,64,16,1,7595096.214285715,27720163.214285713,176758678.35714287,0.0,0.0
serial-controls,i64_d1_fixed_rate,0,queue,2,14,64,16,1,7555789.928571428,27389809.0,176758608.57142857,0.0,0.0
serial-controls,i64_d1_fixed_precision,0,double,0,33,64,16,1,2988074.9696969697,10011332.606060605,65934120.18181818,0.0,0.0
serial-controls,i64_d1_fixed_precision,0,queue,0,33,64,16,1,3016065.5454545454,10004970.93939394,65934116.878787875,0.0,0.0
serial-controls,i64_d1_fixed_precision,0,queue,1,33,64,16,1,2957307.9696969697,9819813.575757576,65934122.15151515,0.0,0.0
serial-controls,i64_d1_fixed_precision,0,double,1,33,64,16,1,2936063.3333333335,9812345.575757576,65934133.18181818,0.0,0.0
serial-controls,i64_d1_fixed_precision,0,double,2,33,64,16,1,2932095.242424242,9770821.666666666,65934111.42424242,0.0,0.0
serial-controls,i64_d1_fixed_precision,0,queue,2,33,64,16,1,2991567.515151515,10024439.181818182,65934096.60606061,0.0,0.0
serial-controls,i64_d1_reversible,0,double,0,10,64,16,1,32561519.2,121927535.3,751893554.4,0.0,0.0
serial-controls,i64_d1_reversible,0,queue,0,10,64,16,1,32505575.0,122388601.9,751893482.7,0.0,0.0
serial-controls,i64_d1_reversible,0,queue,1,10,64,16,1,32409807.8,122475858.0,751893461.5,0.0,0.0
serial-controls,i64_d1_reversible,0,double,1,10,64,16,1,32513997.5,121699287.6,751893466.2,0.0,0.0
serial-controls,i64_d1_reversible,0,double,2,10,64,16,1,35106448.7,121880193.6,751893438.3,0.0,0.0
serial-controls,i64_d1_reversible,0,queue,2,10,64,16,1,33023323.7,122304980.0,751893490.1,0.0,0.0
serial-controls,i64_d2_fixed_rate,0,double,0,23,64,16,1,4446810.217391305,16249356.260869564,97797962.3478261,0.0,0.0
serial-controls,i64_d2_fixed_rate,0,queue,0,23,64,16,1,4397343.434782608,16228015.739130436,97797928.0,0.0,0.0
serial-controls,i64_d2_fixed_rate,0,queue,1,23,64,16,1,4396529.695652174,16153710.347826088,97797898.82608695,0.0,0.0
serial-controls,i64_d2_fixed_rate,0,double,1,23,64,16,1,4390445.739130435,16164481.782608695,97797931.17391305,0.0,0.0
serial-controls,i64_d2_fixed_rate,0,double,2,23,64,16,1,4390945.869565218,16205757.56521739,97797919.30434783,0.0,0.0
serial-controls,i64_d2_fixed_rate,0,queue,2,23,64,16,1,4433761.782608695,16058313.173913043,97797947.69565217,0.0,0.0
serial-controls,i64_d2_fixed_precision,0,double,0,81,64,16,1,1291837.2592592593,4959219.50617284,20990352.925925925,0.0,0.0
serial-controls,i64_d2_fixed_precision,0,queue,0,81,64,16,1,1234583.975308642,4698775.271604938,20990346.209876545,0.0,0.0
serial-controls,i64_d2_fixed_precision,0,queue,1,81,64,16,1,1236325.5679012346,4687246.234567901,20990342.074074075,0.0,0.0
serial-controls,i64_d2_fixed_precision,0,double,1,81,64,16,1,1229024.7901234569,4633084.197530864,20990334.87654321,0.0,0.0
serial-controls,i64_d2_fixed_precision,0,double,2,81,64,16,1,1292425.87654321,4950930.222222222,20990337.12345679,0.0,0.0
serial-controls,i64_d2_fixed_precision,0,queue,2,81,64,16,1,1252362.7530864198,4778814.716049382,20990345.320987653,0.0,0.0
serial-controls,i64_d2_reversible,0,double,0,12,64,16,1,8773564.25,31907229.333333332,190236226.16666666,0.0,0.0
serial-controls,i64_d2_reversible,0,queue,0,12,64,16,1,8828456.416666666,32018856.916666668,190236192.66666666,0.0,0.0
serial-controls,i64_d2_reversible,0,queue,1,12,64,16,1,8773347.916666666,31996315.583333332,190236239.91666666,0.0,0.0
serial-controls,i64_d2_reversible,0,double,1,12,64,16,1,8675148.916666666,31878265.083333332,190236212.0,0.0,0.0
serial-controls,i64_d2_reversible,0,double,2,12,64,16,1,8682612.75,31834332.916666668,190236162.91666666,0.0,0.0
serial-controls,i64_d2_reversible,0,queue,2,12,64,16,1,8855431.75,31966127.25,190236174.41666666,0.0,0.0
serial-controls,i64_d3_fixed_rate,0,double,0,31,64,16,1,3327665.290322581,12684518.322580645,66366384.03225806,0.0,0.0
serial-controls,i64_d3_fixed_rate,0,queue,0,31,64,16,1,3388345.6774193547,13153264.225806452,66481040.741935484,0.0,0.0
serial-controls,i64_d3_fixed_rate,0,queue,1,31,64,16,1,3314856.0322580645,12677262.709677419,66366370.451612905,0.0,0.0
serial-controls,i64_d3_fixed_rate,0,double,1,31,64,16,1,3315016.290322581,12541726.0,66366387.93548387,0.0,0.0
serial-controls,i64_d3_fixed_rate,0,double,2,31,64,16,1,3389643.4838709678,12975526.483870968,66484756.29032258,0.0,0.0
serial-controls,i64_d3_fixed_rate,0,queue,2,31,64,16,1,3332946.2580645164,12722887.129032258,66366356.548387095,0.0,0.0
serial-controls,i64_d3_fixed_precision,0,double,0,78,64,16,1,1123051.1666666667,4668716.974358974,10821839.294871794,0.0,0.0
serial-controls,i64_d3_fixed_precision,0,queue,0,78,64,16,1,1129312.4102564103,4725831.987179487,10705685.692307692,0.0,0.0
serial-controls,i64_d3_fixed_precision,0,queue,1,78,64,16,1,1124918.282051282,4690204.076923077,10823310.91025641,0.0,0.0
serial-controls,i64_d3_fixed_precision,0,double,1,78,64,16,1,1124056.2564102565,4691658.666666667,10823313.064102564,0.0,0.0
serial-controls,i64_d3_fixed_precision,0,double,2,78,64,16,1,1252057.076923077,5307014.320512821,10705689.435897436,0.0,0.0
serial-controls,i64_d3_fixed_precision,0,queue,2,78,64,16,1,1205172.9871794872,5074354.179487179,10821842.833333334,0.0,0.0
serial-controls,i64_d3_reversible,0,double,0,23,64,16,1,4469894.347826087,16599998.608695652,93950410.69565217,0.0,0.0
serial-controls,i64_d3_reversible,0,queue,0,23,64,16,1,4458375.0,16500284.130434783,93940426.3478261,0.0,0.0
serial-controls,i64_d3_reversible,0,queue,1,23,64,16,1,4457425.130434782,16389854.173913043,93950366.3478261,0.0,0.0
serial-controls,i64_d3_reversible,0,double,1,23,64,16,1,4415553.130434782,16396075.173913043,93825740.47826087,0.0,0.0
serial-controls,i64_d3_reversible,0,double,2,23,64,16,1,4449873.695652174,16426182.347826088,93940429.7826087,0.0,0.0
serial-controls,i64_d3_reversible,0,queue,2,23,64,16,1,4389493.260869565,16269315.304347826,93815760.6521739,0.0,0.0
serial-controls,i64_d4_fixed_rate,0,double,0,31,64,16,1,3245832.6774193547,12742714.064516129,54308633.58064516,0.0,0.0
serial-controls,i64_d4_fixed_rate,0,queue,0,31,64,16,1,3266555.709677419,12735614.612903226,54313277.03225806,0.0,0.0
serial-controls,i64_d4_fixed_rate,0,queue,1,31,64,16,1,3250323.3225806453,12677221.322580645,54375284.35483871,0.0,0.0
serial-controls,i64_d4_fixed_rate,0,double,1,31,64,16,1,3248265.6774193547,12711824.774193548,54308660.96774194,0.0,0.0
serial-controls,i64_d4_fixed_rate,0,double,2,31,64,16,1,3273072.9032258065,12829066.903225806,54313258.06451613,0.0,0.0
serial-controls,i64_d4_fixed_rate,0,queue,2,31,64,16,1,3233428.7741935486,12726731.0,54375241.38709678,0.0,0.0
serial-controls,i64_d4_fixed_precision,0,double,0,84,64,16,1,1207471.2738095238,5355373.654761905,6012468.845238095,0.0,0.0
serial-controls,i64_d4_fixed_precision,0,queue,0,84,64,16,1,1210527.0595238095,5365011.642857143,6012468.297619048,0.0,0.0
serial-controls,i64_d4_fixed_precision,0,queue,1,84,64,16,1,1203230.7738095238,5288835.011904762,5951706.119047619,0.0,0.0
serial-controls,i64_d4_fixed_precision,0,double,1,84,64,16,1,1219828.7857142857,5368569.130952381,6012466.369047619,0.0,0.0
serial-controls,i64_d4_fixed_precision,0,double,2,84,64,16,1,1198257.380952381,5290746.523809524,5951713.047619048,0.0,0.0
serial-controls,i64_d4_fixed_precision,0,queue,2,84,64,16,1,1292811.7261904762,5748048.404761905,6012464.011904762,0.0,0.0
serial-controls,i64_d4_reversible,0,double,0,24,64,16,1,4389791.208333333,16951955.5,81063561.95833333,0.0,0.0
serial-controls,i64_d4_reversible,0,queue,0,24,64,16,1,4358249.583333333,16460622.75,81063598.83333333,0.0,0.0
serial-controls,i64_d4_reversible,0,queue,1,24,64,16,1,4485747.041666667,17223058.708333332,81063606.04166667,0.0,0.0
serial-controls,i64_d4_reversible,0,double,1,24,64,16,1,4461700.041666667,17103267.291666668,81063619.125,0.0,0.0
serial-controls,i64_d4_reversible,0,double,2,24,64,16,1,4479606.958333333,17341391.208333332,81065969.33333333,0.0,0.0
serial-controls,i64_d4_reversible,0,queue,2,24,64,16,1,4383726.0,17137824.0,81068347.54166667,0.0,0.0
serial-controls,f32_d1_fixed_rate,0,double,0,10,64,16,1,11508169.2,41652505.0,270901845.3,0.0,0.0
serial-controls,f32_d1_fixed_rate,0,queue,0,10,64,16,1,11520312.1,41735097.2,270901715.1,0.0,0.0
serial-controls,f32_d1_fixed_rate,0,queue,1,10,64,16,1,11519585.5,41511908.9,270901738.8,0.0,0.0
serial-controls,f32_d1_fixed_rate,0,double,1,10,64,16,1,12350283.9,41700379.1,270901789.8,0.0,0.0
serial-controls,f32_d1_fixed_rate,0,double,2,10,64,16,1,12581843.1,41780675.1,270901857.7,0.0,0.0
serial-controls,f32_d1_fixed_rate,0,queue,2,10,64,16,1,11863789.8,41747279.3,270901772.9,0.0,0.0
serial-controls,f32_d1_fixed_precision,0,double,0,10,64,16,1,17036868.9,60683352.3,356358181.2,0.0,0.0
serial-controls,f32_d1_fixed_precision,0,queue,0,10,64,16,1,16823040.3,60388146.8,356358309.9,0.0,0.0
serial-controls,f32_d1_fixed_precision,0,queue,1,10,64,16,1,16883982.5,60218660.1,356358179.6,0.0,0.0
serial-controls,f32_d1_fixed_precision,0,double,1,10,64,16,1,16911443.6,60870747.0,356358182.2,0.0,0.0
serial-controls,f32_d1_fixed_precision,0,double,2,10,64,16,1,17167362.4,61003638.9,356358211.2,0.0,0.0
serial-controls,f32_d1_fixed_precision,0,queue,2,10,64,16,1,16879115.3,60329995.8,356358251.3,0.0,0.0
serial-controls,f32_d1_fixed_accuracy,0,double,0,10,64,16,1,17164179.3,61392153.4,363980323.5,0.0,0.0
serial-controls,f32_d1_fixed_accuracy,0,queue,0,10,64,16,1,16940395.4,60873765.3,363980170.6,0.0,0.0
serial-controls,f32_d1_fixed_accuracy,0,queue,1,10,64,16,1,17326855.9,61058309.1,363980283.7,0.0,0.0
serial-controls,f32_d1_fixed_accuracy,0,double,1,10,64,16,1,17052265.5,61311701.2,363980333.6,0.0,0.0
serial-controls,f32_d1_fixed_accuracy,0,double,2,10,64,16,1,17138596.2,61384789.4,363980304.7,0.0,0.0
serial-controls,f32_d1_fixed_accuracy,0,queue,2,10,64,16,1,17118232.1,60977463.8,363980336.7,0.0,0.0
serial-controls,f32_d1_reversible,0,double,0,10,64,16,1,30543616.9,112476985.2,505227533.7,0.0,0.0
serial-controls,f32_d1_reversible,0,queue,0,10,64,16,1,30310899.2,110708421.0,505227611.1,0.0,0.0
serial-controls,f32_d1_reversible,0,queue,1,10,64,16,1,30388338.7,110785281.7,505227615.6,0.0,0.0
serial-controls,f32_d1_reversible,0,double,1,10,64,16,1,30607135.9,112525452.6,505227622.7,0.0,0.0
serial-controls,f32_d1_reversible,0,double,2,10,64,16,1,30862262.0,112471043.7,505227538.3,0.0,0.0
serial-controls,f32_d1_reversible,0,queue,2,10,64,16,1,30345951.6,110751160.2,505227565.4,0.0,0.0
serial-controls,f32_d2_fixed_rate,0,double,0,21,64,16,1,4938848.19047619,17267355.57142857,117319263.57142857,0.0,0.0
serial-controls,f32_d2_fixed_rate,0,queue,0,21,64,16,1,5000249.476190476,17289471.19047619,117319271.42857143,0.0,0.0
serial-controls,f32_d2_fixed_rate,0,queue,1,21,64,16,1,4994366.476190476,17308542.85714286,117319222.1904762,0.0,0.0
serial-controls,f32_d2_fixed_rate,0,double,1,21,64,16,1,4932748.476190476,17229536.095238097,117319257.8095238,0.0,0.0
serial-controls,f32_d2_fixed_rate,0,double,2,21,64,16,1,4957338.714285715,17350839.523809522,117319250.42857143,0.0,0.0
serial-controls,f32_d2_fixed_rate,0,queue,2,21,64,16,1,4956614.476190476,17240030.61904762,117319272.04761904,0.0,0.0
serial-controls,f32_d2_fixed_precision,0,double,0,16,64,16,1,6405748.0,22206566.125,129014125.875,0.0,0.0
serial-controls,f32_d2_fixed_precision,0,queue,0,16,64,16,1,6353619.6875,22227357.25,129014142.625,0.0,0.0
serial-controls,f32_d2_fixed_precision,0,queue,1,16,64,16,1,6307450.3125,22257538.625,129014101.5,0.0,0.0
serial-controls,f32_d2_fixed_precision,0,double,1,16,64,16,1,6361210.625,22159155.9375,129014123.8125,0.0,0.0
serial-controls,f32_d2_fixed_precision,0,double,2,16,64,16,1,6874430.875,22178652.625,129014183.625,0.0,0.0
serial-controls,f32_d2_fixed_precision,0,queue,2,16,64,16,1,6796355.1875,22213346.5625,129014136.0625,0.0,0.0
serial-controls,f32_d2_fixed_accuracy,0,double,0,14,64,16,1,7255290.142857143,24677699.57142857,143791325.2142857,0.0,0.0
serial-controls,f32_d2_fixed_accuracy,0,queue,0,14,64,16,1,7096113.142857143,24508569.714285713,143791348.92857143,0.0,0.0
serial-controls,f32_d2_fixed_accuracy,0,queue,1,14,64,16,1,7079975.0,24556060.64285714,143791357.64285713,0.0,0.0
serial-controls,f32_d2_fixed_accuracy,0,double,1,14,64,16,1,7034010.071428572,24706638.0,143791357.7857143,0.0,0.0
serial-controls,f32_d2_fixed_accuracy,0,double,2,14,64,16,1,7153765.357142857,24531163.0,143791385.57142857,0.0,0.0
serial-controls,f32_d2_fixed_accuracy,0,queue,2,14,64,16,1,7071624.214285715,24554183.85714286,143791288.35714287,0.0,0.0
serial-controls,f32_d2_reversible,0,double,0,11,64,16,1,9792083.363636363,34639388.54545455,160692919.63636363,0.0,0.0
serial-controls,f32_d2_reversible,0,queue,0,11,64,16,1,9908076.090909092,34987899.0,160692902.36363637,0.0,0.0
serial-controls,f32_d2_reversible,0,queue,1,11,64,16,1,9918856.272727273,35079016.72727273,160692947.27272728,0.0,0.0
serial-controls,f32_d2_reversible,0,double,1,11,64,16,1,9738892.0,34614662.45454545,160692788.0,0.0,0.0
serial-controls,f32_d2_reversible,0,double,2,11,64,16,1,9695242.545454545,34635434.54545455,160692848.8181818,0.0,0.0
serial-controls,f32_d2_reversible,0,queue,2,11,64,16,1,9831908.727272727,34993753.0,160692918.36363637,0.0,0.0
serial-controls,f32_d3_fixed_rate,0,double,0,40,64,16,1,2525529.675,9076396.4,52986447.9,0.0,0.0
serial-controls,f32_d3_fixed_rate,0,queue,0,40,64,16,1,2551277.275,9083051.525,52986442.35,0.0,0.0
serial-controls,f32_d3_fixed_rate,0,queue,1,40,64,16,1,2518337.675,8981156.325,52986435.575,0.0,0.0
serial-controls,f32_d3_fixed_rate,0,double,1,40,64,16,1,2520524.95,9100987.9,52986446.825,0.0,0.0
serial-controls,f32_d3_fixed_rate,0,double,2,40,64,16,1,2595834.8,9492678.4,52986457.8,0.0,0.0
serial-controls,f32_d3_fixed_rate,0,queue,2,40,64,16,1,2612865.9,9556382.3,52986452.875,0.0,0.0
serial-controls,f32_d3_fixed_precision,0,double,0,36,64,16,1,2840013.5833333335,10203459.833333334,52249509.63888889,0.0,0.0
serial-controls,f32_d3_fixed_precision,0,queue,0,36,64,16,1,2879790.25,10213447.944444444,52249515.55555555,0.0,0.0
serial-controls,f32_d3_fixed_precision,0,queue,1,36,64,16,1,2840656.8333333335,10208819.944444444,52249516.0,0.0,0.0
serial-controls,f32_d3_fixed_precision,0,double,1,36,64,16,1,2796369.1666666665,10038520.861111112,52249501.94444445,0.0,0.0
serial-controls,f32_d3_fixed_precision,0,double,2,36,64,16,1,2857376.3333333335,10198699.388888888,52249490.166666664,0.0,0.0
serial-controls,f32_d3_fixed_precision,0,queue,2,36,64,16,1,2848967.1666666665,10207336.527777778,52249479.583333336,0.0,0.0
serial-controls,f32_d3_fixed_accuracy,0,double,0,29,64,16,1,3582418.5517241377,12831715.75862069,66053567.62068965,0.0,0.0
serial-controls,f32_d3_fixed_accuracy,0,queue,0,29,64,16,1,3524732.793103448,12677916.448275862,66053570.448275864,0.0,0.0
serial-controls,f32_d3_fixed_accuracy,0,queue,1,29,64,16,1,3483791.5517241377,12469577.72413793,66053593.68965517,0.0,0.0
serial-controls,f32_d3_fixed_accuracy,0,double,1,29,64,16,1,3512433.5517241377,12468545.896551725,66053580.79310345,0.0,0.0
serial-controls,f32_d3_fixed_accuracy,0,double,2,29,64,16,1,3486899.793103448,12403978.72413793,66053586.27586207,0.0,0.0
serial-controls,f32_d3_fixed_accuracy,0,queue,2,29,64,16,1,3486062.724137931,12566193.034482758,66053585.24137931,0.0,0.0
serial-controls,f32_d3_reversible,0,double,0,26,64,16,1,4027016.4615384615,14046128.884615384,69776962.46153846,0.0,0.0
serial-controls,f32_d3_reversible,0,queue,0,26,64,16,1,4070213.076923077,14363649.76923077,69776954.92307693,0.0,0.0
serial-controls,f32_d3_reversible,0,queue,1,26,64,16,1,5773555.269230769,22494211.115384616,69776973.76923077,0.0,0.0
serial-controls,f32_d3_reversible,0,double,1,26,64,16,1,4048445.923076923,14307851.307692308,69776975.61538461,0.0,0.0
serial-controls,f32_d3_reversible,0,double,2,26,64,16,1,3994617.923076923,14155850.384615384,69776986.0,0.0,0.0
serial-controls,f32_d3_reversible,0,queue,2,26,64,16,1,4102506.346153846,14332519.346153846,69776968.15384616,0.0,0.0
serial-controls,f32_d4_fixed_rate,0,double,0,39,64,16,1,2570248.9743589745,9747521.128205128,43810931.15384615,0.0,0.0
serial-controls,f32_d4_fixed_rate,0,queue,0,39,64,16,1,2601776.3846153845,10005827.564102564,43899898.15384615,0.0,0.0
serial-controls,f32_d4_fixed_rate,0,queue,1,39,64,16,1,2563539.5384615385,9439906.461538462,43810924.64102564,0.0,0.0
serial-controls,f32_d4_fixed_rate,0,double,1,39,64,16,1,2579685.846153846,9863981.846153846,43898399.692307696,0.0,0.0
serial-controls,f32_d4_fixed_rate,0,double,2,39,64,16,1,2575053.9743589745,9843317.76923077,43899908.102564104,0.0,0.0
serial-controls,f32_d4_fixed_rate,0,queue,2,39,64,16,1,2620199.8974358975,9852824.384615384,43810929.0,0.0,0.0
serial-controls,f32_d4_fixed_precision,0,double,0,38,64,16,1,2673525.9736842103,10087062.47368421,45605789.60526316,0.0,0.0
serial-controls,f32_d4_fixed_precision,0,queue,0,38,64,16,1,2689526.4736842103,10170310.368421054,45518246.34210526,0.0,0.0
serial-controls,f32_d4_fixed_precision,0,queue,1,38,64,16,1,2660032.1578947366,10036548.105263159,45518267.55263158,0.0,0.0
serial-controls,f32_d4_fixed_precision,0,double,1,38,64,16,1,2683284.9210526315,10194586.44736842,45604273.10526316,0.0,0.0
serial-controls,f32_d4_fixed_precision,0,double,2,38,64,16,1,2676235.1315789474,10133617.789473685,45604280.368421055,0.0,0.0
serial-controls,f32_d4_fixed_precision,0,queue,2,38,64,16,1,2689147.5,10092151.5,45516751.94736842,0.0,0.0
serial-controls,f32_d4_fixed_accuracy,0,double,0,29,64,16,1,3486596.4482758623,12936083.103448275,60539122.93103448,0.0,0.0
serial-controls,f32_d4_fixed_accuracy,0,queue,0,29,64,16,1,3532587.206896552,13150820.206896551,60627110.551724136,0.0,0.0
serial-controls,f32_d4_fixed_accuracy,0,queue,1,29,64,16,1,3527137.6551724137,13132829.72413793,60627102.72413793,0.0,0.0
serial-controls,f32_d4_fixed_accuracy,0,double,1,29,64,16,1,3527068.275862069,13100530.448275862,60627092.79310345,0.0,0.0
serial-controls,f32_d4_fixed_accuracy,0,double,2,29,64,16,1,3688771.827586207,13107463.896551725,60629079.0,0.0,0.0
serial-controls,f32_d4_fixed_accuracy,0,queue,2,29,64,16,1,3847798.275862069,13082890.862068966,60627113.172413796,0.0,0.0
serial-controls,f32_d4_reversible,0,double,0,25,64,16,1,3951816.88,13776032.12,61702125.56,0.0,0.0
serial-controls,f32_d4_reversible,0,queue,0,25,64,16,1,3905568.2,13918166.64,61702140.56,0.0,0.0
serial-controls,f32_d4_reversible,0,queue,1,25,64,16,1,3909089.2,14005098.6,61702148.76,0.0,0.0
serial-controls,f32_d4_reversible,0,double,1,25,64,16,1,3799882.92,13715985.68,61702138.12,0.0,0.0
serial-controls,f32_d4_reversible,0,double,2,25,64,16,1,3847277.48,13827760.32,61702130.0,0.0,0.0
serial-controls,f32_d4_reversible,0,queue,2,25,64,16,1,3834030.44,13828047.84,61702101.2,0.0,0.0
serial-controls,f64_d1_fixed_rate,0,double,0,10,64,16,1,10841233.2,37271965.9,253023646.1,0.0,0.0
serial-controls,f64_d1_fixed_rate,0,queue,0,10,64,16,1,10922579.7,37327047.8,253023624.1,0.0,0.0
serial-controls,f64_d1_fixed_rate,0,queue,1,10,64,16,1,10961444.0,37343776.1,253023609.3,0.0,0.0
serial-controls,f64_d1_fixed_rate,0,double,1,10,64,16,1,10848686.4,37287941.8,253023598.6,0.0,0.0
serial-controls,f64_d1_fixed_rate,0,double,2,10,64,16,1,10879680.3,37378522.6,253023658.8,0.0,0.0
serial-controls,f64_d1_fixed_rate,0,queue,2,10,64,16,1,10868650.3,37361399.4,253023518.2,0.0,0.0
serial-controls,f64_d1_fixed_precision,0,double,0,10,64,16,1,17571979.4,61229116.2,359708025.3,0.0,0.0
serial-controls,f64_d1_fixed_precision,0,queue,0,10,64,16,1,17288752.4,60271814.2,359707897.8,0.0,0.0
serial-controls,f64_d1_fixed_precision,0,queue,1,10,64,16,1,17365471.2,60462026.1,359707951.0,0.0,0.0
serial-controls,f64_d1_fixed_precision,0,double,1,10,64,16,1,17524085.3,61158707.4,359707948.7,0.0,0.0
serial-controls,f64_d1_fixed_precision,0,double,2,10,64,16,1,17402661.4,61296482.9,359708049.6,0.0,0.0
serial-controls,f64_d1_fixed_precision,0,queue,2,10,64,16,1,17161940.5,60115872.9,359707902.4,0.0,0.0
serial-controls,f64_d1_fixed_accuracy,0,double,0,10,64,16,1,18718247.4,68428409.7,367321915.0,0.0,0.0
serial-controls,f64_d1_fixed_accuracy,0,queue,0,10,64,16,1,17467916.6,61179732.8,367321791.5,0.0,0.0
serial-controls,f64_d1_fixed_accuracy,0,queue,1,10,64,16,1,17541377.0,61043776.1,367321849.9,0.0,0.0
serial-controls,f64_d1_fixed_accuracy,0,double,1,10,64,16,1,17636369.1,62006902.9,367321815.2,0.0,0.0
serial-controls,f64_d1_fixed_accuracy,0,double,2,10,64,16,1,17662584.2,62195270.7,367321883.0,0.0,0.0
serial-controls,f64_d1_fixed_accuracy,0,queue,2,10,64,16,1,17441536.3,61072213.0,367321847.9,0.0,0.0
serial-controls,f64_d1_reversible,0,double,0,10,64,16,1,41411295.3,149304166.2,748079865.9,0.0,0.0
serial-controls,f64_d1_reversible,0,queue,0,10,64,16,1,41131695.0,149549626.3,748079924.1,0.0,0.0
serial-controls,f64_d1_reversible,0,queue,1,10,64,16,1,41211276.2,149257554.6,748079838.6,0.0,0.0
serial-controls,f64_d1_reversible,0,double,1,10,64,16,1,42355347.4,148884991.4,748079834.2,0.0,0.0
serial-controls,f64_d1_reversible,0,double,2,10,64,16,1,42325451.9,149283987.5,748079856.3,0.0,0.0
serial-controls,f64_d1_reversible,0,queue,2,10,64,16,1,41246931.4,147779958.7,748079866.4,0.0,0.0
serial-controls,f64_d2_fixed_rate,0,double,0,20,64,16,1,5229279.95,18378906.45,120102359.45,0.0,0.0
serial-controls,f64_d2_fixed_rate,0,queue,0,20,64,16,1,5274684.2,18430735.55,120102327.05,0.0,0.0
serial-controls,f64_d2_fixed_rate,0,queue,1,20,64,16,1,5289362.65,18444783.8,120102358.25,0.0,0.0
serial-controls,f64_d2_fixed_rate,0,double,1,20,64,16,1,5238426.2,18338157.05,120102349.35,0.0,0.0
serial-controls,f64_d2_fixed_rate,0,double,2,20,64,16,1,5238417.75,18417361.7,120102340.05,0.0,0.0
serial-controls,f64_d2_fixed_rate,0,queue,2,20,64,16,1,5223558.2,18380444.2,120102313.65,0.0,0.0
serial-controls,f64_d2_fixed_precision,0,double,0,15,64,16,1,6645171.8,23214875.733333334,132798380.53333333,0.0,0.0
serial-controls,f64_d2_fixed_precision,0,queue,0,15,64,16,1,6597039.2,23105146.266666666,132798402.46666667,0.0,0.0
serial-controls,f64_d2_fixed_precision,0,queue,1,15,64,16,1,6559562.2,23123009.466666665,132798407.13333334,0.0,0.0
serial-controls,f64_d2_fixed_precision,0,double,1,15,64,16,1,6547109.4,23185142.6,132798399.13333334,0.0,0.0
serial-controls,f64_d2_fixed_precision,0,double,2,15,64,16,1,6557202.333333333,23206695.733333334,132798396.93333334,0.0,0.0
serial-controls,f64_d2_fixed_precision,0,queue,2,15,64,16,1,6682320.933333334,23179001.6,132798370.8,0.0,0.0
serial-controls,f64_d2_fixed_accuracy,0,double,0,14,64,16,1,7327118.928571428,25939160.64285714,147575352.5,0.0,0.0
serial-controls,f64_d2_fixed_accuracy,0,queue,0,14,64,16,1,7324312.214285715,25908285.785714287,147575346.42857143,0.0,0.0
serial-controls,f64_d2_fixed_accuracy,0,queue,1,14,64,16,1,7323551.214285715,25898465.14285714,147575413.5,0.0,0.0
serial-controls,f64_d2_fixed_accuracy,0,double,1,14,64,16,1,7339643.785714285,25846715.5,147575373.0,0.0,0.0
serial-controls,f64_d2_fixed_accuracy,0,double,2,14,64,16,1,7399255.857142857,26056134.07142857,147575406.7142857,0.0,0.0
serial-controls,f64_d2_fixed_accuracy,0,queue,2,14,64,16,1,7301132.714285715,25819628.5,147575403.14285713,0.0,0.0
serial-controls,f64_d2_reversible,0,double,0,10,64,16,1,12617351.0,41210944.8,233322973.6,0.0,0.0
serial-controls,f64_d2_reversible,0,queue,0,10,64,16,1,12357030.3,41793900.6,233322964.3,0.0,0.0
serial-controls,f64_d2_reversible,0,queue,1,10,64,16,1,13004084.6,41696696.1,233322969.7,0.0,0.0
serial-controls,f64_d2_reversible,0,double,1,10,64,16,1,12518815.2,41539621.0,233322976.2,0.0,0.0
serial-controls,f64_d2_reversible,0,double,2,10,64,16,1,12069791.7,41705336.9,233322988.0,0.0,0.0
serial-controls,f64_d2_reversible,0,queue,2,10,64,16,1,12001033.1,41700621.4,233322931.8,0.0,0.0
serial-controls,f64_d3_fixed_rate,0,double,0,28,64,16,1,3553748.6071428573,12946324.464285715,67934929.14285715,0.0,0.0
serial-controls,f64_d3_fixed_rate,0,queue,0,28,64,16,1,3604005.9285714286,13370285.464285715,67807886.0,0.0,0.0
serial-controls,f64_d3_fixed_rate,0,queue,1,28,64,16,1,3781863.3928571427,14460484.285714285,67820251.89285715,0.0,0.0
serial-controls,f64_d3_fixed_rate,0,double,1,28,64,16,1,3483262.1428571427,12922420.07142857,67947178.5,0.0,0.0
serial-controls,f64_d3_fixed_rate,0,double,2,28,64,16,1,3568835.714285714,13338886.642857144,67947189.21428572,0.0,0.0
serial-controls,f64_d3_fixed_rate,0,queue,2,28,64,16,1,3542012.6428571427,12928562.82142857,67807939.82142857,0.0,0.0
serial-controls,f64_d3_fixed_precision,0,double,0,27,64,16,1,3721204.185185185,13802073.407407407,67145970.07407407,0.0,0.0
serial-controls,f64_d3_fixed_precision,0,queue,0,27,64,16,1,3691997.111111111,13553495.777777778,67133187.2962963,0.0,0.0
serial-controls,f64_d3_fixed_precision,0,queue,1,27,64,16,1,3687656.7407407407,13508645.74074074,67018558.222222224,0.0,0.0
serial-controls,f64_d3_fixed_precision,0,double,1,27,64,16,1,3713052.703703704,13753826.111111112,67018524.074074075,0.0,0.0
serial-controls,f64_d3_fixed_precision,0,double,2,27,64,16,1,3986292.925925926,15275411.222222222,67018549.37037037,0.0,0.0
serial-controls,f64_d3_fixed_precision,0,queue,2,27,64,16,1,4074336.3703703703,15592819.111111112,67133214.48148148,0.0,0.0
serial-controls,f64_d3_fixed_accuracy,0,double,0,24,64,16,1,4245217.666666667,15323494.833333334,81819204.08333333,0.0,0.0
serial-controls,f64_d3_fixed_accuracy,0,queue,0,24,64,16,1,4333136.875,15595996.208333334,81833578.79166667,0.0,0.0
serial-controls,f64_d3_fixed_accuracy,0,queue,1,24,64,16,1,4318467.25,15556531.541666666,81833615.54166667,0.0,0.0
serial-controls,f64_d3_fixed_accuracy,0,double,1,24,64,16,1,4240690.041666667,15367239.583333334,81833568.875,0.0,0.0
serial-controls,f64_d3_fixed_accuracy,0,double,2,24,64,16,1,4314864.125,15315568.625,81819253.66666667,0.0,0.0
serial-controls,f64_d3_fixed_accuracy,0,queue,2,24,64,16,1,4653311.75,16272660.333333334,81962576.625,0.0,0.0
serial-controls,f64_d3_reversible,0,double,0,14,64,16,1,7689305.857142857,24334461.285714287,119193697.78571428,0.0,0.0
serial-controls,f64_d3_reversible,0,queue,0,14,64,16,1,7798318.714285715,23686685.714285713,119193667.71428572,0.0,0.0
serial-controls,f64_d3_reversible,0,queue,1,14,64,16,1,7097670.785714285,24148146.785714287,119193738.21428572,0.0,0.0
serial-controls,f64_d3_reversible,0,double,1,14,64,16,1,7164445.642857143,24962283.64285714,119193735.21428572,0.0,0.0
serial-controls,f64_d3_reversible,0,double,2,14,64,16,1,7083044.928571428,24981337.92857143,119193718.07142857,0.0,0.0
serial-controls,f64_d3_reversible,0,queue,2,14,64,16,1,6860274.285714285,24043316.785714287,119193694.85714285,0.0,0.0
serial-controls,f64_d4_fixed_rate,0,double,0,27,64,16,1,3738760.0,14273976.925925925,59913384.0,0.0,0.0
serial-controls,f64_d4_fixed_rate,0,queue,0,27,64,16,1,3725661.814814815,14264577.925925925,59908040.03703704,0.0,0.0
serial-controls,f64_d4_fixed_rate,0,queue,1,27,64,16,1,3742905.3333333335,14370420.666666666,59913351.25925926,0.0,0.0
serial-controls,f64_d4_fixed_rate,0,double,1,27,64,16,1,3688109.1481481483,14203810.222222222,59879336.03703704,0.0,0.0
serial-controls,f64_d4_fixed_rate,0,double,2,27,64,16,1,3730797.3333333335,14411571.666666666,59874083.18518519,0.0,0.0
serial-controls,f64_d4_fixed_rate,0,queue,2,27,64,16,1,3730830.296296296,14445001.888888888,59908042.59259259,0.0,0.0
serial-controls,f64_d4_fixed_precision,0,double,0,27,64,16,1,3813498.4444444445,14643228.148148147,61614031.37037037,0.0,0.0
serial-controls,f64_d4_fixed_precision,0,queue,0,27,64,16,1,3813666.3333333335,14647092.74074074,61619353.96296296,0.0,0.0
serial-controls,f64_d4_fixed_precision,0,queue,1,27,64,16,1,3787100.703703704,14593720.814814815,61585411.7037037,0.0,0.0
serial-controls,f64_d4_fixed_precision,0,double,1,27,64,16,1,3798030.222222222,14684867.370370371,61619383.55555555,0.0,0.0
serial-controls,f64_d4_fixed_precision,0,double,2,27,64,16,1,3791586.3333333335,14641428.074074075,61585350.777777776,0.0,0.0
serial-controls,f64_d4_fixed_precision,0,queue,2,27,64,16,1,3778675.703703704,14550273.222222222,61585358.40740741,0.0,0.0
serial-controls,f64_d4_fixed_accuracy,0,double,0,24,64,16,1,4380269.916666667,16498043.416666666,70740228.75,0.0,0.0
serial-controls,f64_d4_fixed_accuracy,0,queue,0,24,64,16,1,4362619.041666667,16323518.791666666,70705575.95833333,0.0,0.0
serial-controls,f64_d4_fixed_accuracy,0,queue,1,24,64,16,1,4396485.75,16643466.5,70740206.125,0.0,0.0
serial-controls,f64_d4_fixed_accuracy,0,double,1,24,64,16,1,4350548.0,16426371.5,70699612.125,0.0,0.0
serial-controls,f64_d4_fixed_accuracy,0,double,2,24,64,16,1,4396099.583333333,16746394.291666666,70699611.875,0.0,0.0
serial-controls,f64_d4_fixed_accuracy,0,queue,2,24,64,16,1,4339246.583333333,16417180.875,70699585.04166667,0.0,0.0
serial-controls,f64_d4_reversible,0,double,0,16,64,16,1,6716287.4375,24779729.0,106943863.375,0.0,0.0
serial-controls,f64_d4_reversible,0,queue,0,16,64,16,1,6643351.4375,23401242.625,106945683.25,0.0,0.0
serial-controls,f64_d4_reversible,0,queue,1,16,64,16,1,6801197.375,24576727.125,106945693.5625,0.0,0.0
serial-controls,f64_d4_reversible,0,double,1,16,64,16,1,6784455.125,24804782.625,106945648.125,0.0,0.0
serial-controls,f64_d4_reversible,0,double,2,16,64,16,1,6709183.6875,24501006.625,106945753.625,0.0,0.0
serial-controls,f64_d4_reversible,0,queue,2,16,64,16,1,6641305.0,24174173.0625,106943879.4375,0.0,0.0
rate-controls,i32_d1_fixed_rate,4,double,0,66,64,16,1,1885910.7272727273,22155384.166666668,141452478.9090909,0.0,0.0
rate-controls,i32_d1_fixed_rate,4,queue,0,66,64,16,1,2002794.1515151516,22184791.924242426,141448024.96969697,0.0,0.0
rate-controls,i32_d1_fixed_rate,4,queue,1,66,64,16,1,2005143.5909090908,22193296.37878788,141447804.16666666,0.0,0.0
rate-controls,i32_d1_fixed_rate,4,double,1,66,64,16,1,1999944.1515151516,22157227.62121212,141451163.53030303,0.0,0.0
rate-controls,i32_d1_fixed_rate,4,double,2,66,64,16,1,1981840.9848484849,22111898.742424242,141445419.13636363,0.0,0.0
rate-controls,i32_d1_fixed_rate,4,queue,2,66,64,16,1,2042084.5606060605,22165766.575757574,141456632.8939394,0.0,0.0
rate-controls,i32_d2_fixed_rate,4,double,0,114,64,16,1,1043932.5087719298,12501050.719298245,81991137.4736842,0.0,0.0
rate-controls,i32_d2_fixed_rate,4,queue,0,114,64,16,1,1056438.1140350876,12528208.692982456,81999137.8245614,0.0,0.0
rate-controls,i32_d2_fixed_rate,4,queue,1,114,64,16,1,1065446.1228070175,12537481.263157895,81998471.50877193,0.0,0.0
rate-controls,i32_d2_fixed_rate,4,double,1,114,64,16,1,1078648.8245614036,12538465.728070175,81998816.71052632,0.0,0.0
rate-controls,i32_d2_fixed_rate,4,double,2,114,64,16,1,1077125.4122807018,12500415.166666666,81994995.76315789,0.0,0.0
rate-controls,i32_d2_fixed_rate,4,queue,2,114,64,16,1,1070702.798245614,12517647.324561404,81998079.55263157,0.0,0.0
rate-controls,i32_d3_fixed_rate,4,double,0,135,64,16,1,706931.3851851852,8941044.066666666,47312871.11851852,0.0,0.0
rate-controls,i32_d3_fixed_rate,4,queue,0,135,64,16,1,712470.925925926,9009424.474074075,47310951.325925924,0.0,0.0
rate-controls,i32_d3_fixed_rate,4,queue,1,135,64,16,1,717277.1703703704,9018010.281481482,47312266.162962966,0.0,0.0
rate-controls,i32_d3_fixed_rate,4,double,1,135,64,16,1,707259.3111111111,8931866.25925926,47308455.74074074,0.0,0.0
rate-controls,i32_d3_fixed_rate,4,double,2,135,64,16,1,718090.0370370371,8933589.555555556,47311903.437037036,0.0,0.0
rate-controls,i32_d3_fixed_rate,4,queue,2,135,64,16,1,715419.3703703703,9021409.0,47309648.02222222,0.0,0.0
rate-controls,i32_d4_fixed_rate,4,double,0,149,64,16,1,763265.7852348994,9848016.369127518,47227797.422818795,0.0,0.0
rate-controls,i32_d4_fixed_rate,4,queue,0,149,64,16,1,791119.711409396,9911647.644295301,47244548.79194631,0.0,0.0
rate-controls,i32_d4_fixed_rate,4,queue,1,149,64,16,1,770325.3691275168,9930029.0,47227419.84563758,0.0,0.0
rate-controls,i32_d4_fixed_rate,4,double,1,149,64,16,1,772961.6241610738,9893046.926174497,47231246.34228188,0.0,0.0
rate-controls,i32_d4_fixed_rate,4,double,2,149,64,16,1,1032354.3691275168,9883802.422818791,47242992.644295305,0.0,0.0
rate-controls,i32_d4_fixed_rate,4,queue,2,149,64,16,1,784482.2080536913,9890553.2147651,47243207.194630876,0.0,0.0
rate-controls,i64_d1_fixed_rate,4,double,0,48,64,16,1,2736781.1875,27544167.354166668,176869017.75,0.0,0.0
rate-controls,i64_d1_fixed_rate,4,queue,0,48,64,16,1,3777433.3333333335,27623350.4375,176858609.9375,0.0,0.0
rate-controls,i64_d1_fixed_rate,4,queue,1,48,64,16,1,3735854.6458333335,27594854.979166668,176868442.58333334,0.0,0.0
rate-controls,i64_d1_fixed_rate,4,double,1,48,64,16,1,3257566.2083333335,27621068.3125,176860662.35416666,0.0,0.0
rate-controls,i64_d1_fixed_rate,4,double,2,48,64,16,1,2715524.8958333335,27654672.479166668,176858143.83333334,0.0,0.0
rate-controls,i64_d1_fixed_rate,4,queue,2,48,64,16,1,2966046.8541666665,27605307.895833332,176861517.14583334,0.0,0.0
rate-controls,i64_d2_fixed_rate,4,double,0,90,64,16,1,1355780.0222222223,16037079.444444444,97885995.14444445,0.0,0.0
rate-controls,i64_d2_fixed_rate,4,queue,0,90,64,16,1,1340347.2,16024299.688888889,97889656.3,0.0,0.0
rate-controls,i64_d2_fixed_rate,4,queue,1,90,64,16,1,1429797.9666666666,16005444.811111111,97885796.81111111,0.0,0.0
rate-controls,i64_d2_fixed_rate,4,double,1,90,64,16,1,1358391.9666666666,16062043.077777777,97886606.12222221,0.0,0.0
rate-controls,i64_d2_fixed_rate,4,double,2,90,64,16,1,1418068.0222222223,16073457.444444444,97890500.2,0.0,0.0
rate-controls,i64_d2_fixed_rate,4,queue,2,90,64,16,1,1350225.4222222222,16024823.344444444,97886200.8888889,0.0,0.0
rate-controls,i64_d3_fixed_rate,4,double,0,118,64,16,1,1010706.9745762711,12571073.36440678,66552949.652542375,0.0,0.0
rate-controls,i64_d3_fixed_rate,4,queue,0,118,64,16,1,1022513.5084745763,12619356.076271186,66551935.10169491,0.0,0.0
rate-controls,i64_d3_fixed_rate,4,queue,1,118,64,16,1,1024390.8813559322,12622323.491525425,66556391.10169491,0.0,0.0
rate-controls,i64_d3_fixed_rate,4,double,1,118,64,16,1,1019422.8898305085,12570334.86440678,66551213.73728813,0.0,0.0
rate-controls,i64_d3_fixed_rate,4,double,2,118,64,16,1,1027848.8728813559,12568280.601694915,66552533.211864404,0.0,0.0
rate-controls,i64_d3_fixed_rate,4,queue,2,118,64,16,1,1021721.7542372881,12605138.101694915,66554724.855932206,0.0,0.0
rate-controls,i64_d4_fixed_rate,4,double,0,96,64,16,1,1066400.625,13111786.708333334,54405923.208333336,0.0,0.0
rate-controls,i64_d4_fixed_rate,4,queue,0,96,64,16,1,989500.3229166666,12591314.520833334,54409470.385416664,0.0,0.0
rate-controls,i64_d4_fixed_rate,4,queue,1,96,64,16,1,988726.8333333334,12634391.510416666,54411068.385416664,0.0,0.0
rate-controls,i64_d4_fixed_rate,4,double,1,96,64,16,1,968371.7708333334,12393384.6875,54423566.90625,0.0,0.0
rate-controls,i64_d4_fixed_rate,4,double,2,96,64,16,1,963680.7604166666,12449214.15625,54410180.635416664,0.0,0.0
rate-controls,i64_d4_fixed_rate,4,queue,2,96,64,16,1,973531.71875,12566032.541666666,54415729.635416664,0.0,0.0
rate-controls,f32_d1_fixed_rate,4,double,0,24,64,16,1,3935417.7083333335,42069381.458333336,270732908.9166667,0.0,0.0
rate-controls,f32_d1_fixed_rate,4,queue,0,24,64,16,1,4021772.8333333335,41750208.625,270745322.9166667,0.0,0.0
rate-controls,f32_d1_fixed_rate,4,queue,1,24,64,16,1,4150920.2083333335,41717177.75,270730958.125,0.0,0.0
rate-controls,f32_d1_fixed_rate,4,double,1,24,64,16,1,3953261.1666666665,42007192.916666664,270739298.4166667,0.0,0.0
rate-controls,f32_d1_fixed_rate,4,double,2,24,64,16,1,4006822.6666666665,42035412.916666664,270747037.0416667,0.0,0.0
rate-controls,f32_d1_fixed_rate,4,queue,2,24,64,16,1,4285840.291666667,41800934.625,270732355.2916667,0.0,0.0
rate-controls,f32_d2_fixed_rate,4,double,0,81,64,16,1,1427936.7901234569,17211438.0,116604659.54320988,0.0,0.0
rate-controls,f32_d2_fixed_rate,4,queue,0,81,64,16,1,1541751.950617284,17276267.827160493,116623357.97530864,0.0,0.0
rate-controls,f32_d2_fixed_rate,4,queue,1,81,64,16,1,1537943.8641975308,17243076.38271605,116610805.49382716,0.0,0.0
rate-controls,f32_d2_fixed_rate,4,double,1,81,64,16,1,1505237.2345679011,17209009.296296295,116604364.65432099,0.0,0.0
rate-controls,f32_d2_fixed_rate,4,double,2,81,64,16,1,1605300.3580246915,17270579.296296295,116615439.74074075,0.0,0.0
rate-controls,f32_d2_fixed_rate,4,queue,2,81,64,16,1,1446352.172839506,17234988.283950616,116610270.95061728,0.0,0.0
rate-controls,f32_d3_fixed_rate,4,double,0,151,64,16,1,723017.6622516556,8969595.152317882,53053033.794701986,0.0,0.0
rate-controls,f32_d3_fixed_rate,4,queue,0,151,64,16,1,742107.8476821192,9080599.582781456,53049458.02649007,0.0,0.0
rate-controls,f32_d3_fixed_rate,4,queue,1,151,64,16,1,746795.3973509934,9110330.132450331,53052334.25827815,0.0,0.0
rate-controls,f32_d3_fixed_rate,4,double,1,151,64,16,1,735211.298013245,8968871.311258279,53052957.66225166,0.0,0.0
rate-controls,f32_d3_fixed_rate,4,double,2,151,64,16,1,740183.8079470198,8982373.688741721,53051932.33774834,0.0,0.0
rate-controls,f32_d3_fixed_rate,4,queue,2,151,64,16,1,735544.582781457,9106718.814569537,53052675.430463575,0.0,0.0
rate-controls,f32_d4_fixed_rate,4,double,0,151,64,16,1,741255.4569536424,9785382.05960265,43968587.09933775,0.0,0.0
rate-controls,f32_d4_fixed_rate,4,queue,0,151,64,16,1,749858.9205298013,9963603.814569537,43956015.0,0.0,0.0
rate-controls,f32_d4_fixed_rate,4,queue,1,151,64,16,1,1006003.5562913907,10640730.0397351,43972529.443708606,0.0,0.0
rate-controls,f32_d4_fixed_rate,4,double,1,151,64,16,1,748536.7947019867,9771392.61589404,43964006.7615894,0.0,0.0
rate-controls,f32_d4_fixed_rate,4,double,2,151,64,16,1,746176.1258278146,9751653.874172185,43961063.25827815,0.0,0.0
rate-controls,f32_d4_fixed_rate,4,queue,2,151,64,16,1,753152.2847682119,9951659.794701986,43954797.0,0.0,0.0
rate-controls,f64_d1_fixed_rate,4,double,0,27,64,16,1,3159207.888888889,37457945.62962963,253107906.25925925,0.0,0.0
rate-controls,f64_d1_fixed_rate,4,queue,0,27,64,16,1,4795322.296296297,37522484.03703704,253135809.7037037,0.0,0.0
rate-controls,f64_d1_fixed_rate,4,queue,1,27,64,16,1,3715305.6296296297,37431122.59259259,253120101.2962963,0.0,0.0
rate-controls,f64_d1_fixed_rate,4,double,1,27,64,16,1,3020037.4814814813,37421734.481481485,253109731.4814815,0.0,0.0
rate-controls,f64_d1_fixed_rate,4,double,2,27,64,16,1,3128155.814814815,37456029.88888889,253116920.8148148,0.0,0.0
rate-controls,f64_d1_fixed_rate,4,queue,2,27,64,16,1,4815615.962962963,37417866.14814815,253133527.1111111,0.0,0.0
rate-controls,f64_d2_fixed_rate,4,double,0,46,64,16,1,1854183.043478261,18302217.217391305,120186209.23913044,0.0,0.0
rate-controls,f64_d2_fixed_rate,4,queue,0,46,64,16,1,2071676.9130434783,18301982.97826087,120197687.91304348,0.0,0.0
rate-controls,f64_d2_fixed_rate,4,queue,1,46,64,16,1,1519816.847826087,18322323.93478261,120175845.80434783,0.0,0.0
rate-controls,f64_d2_fixed_rate,4,double,1,46,64,16,1,1525490.9347826086,18333195.217391305,120192196.80434783,0.0,0.0
rate-controls,f64_d2_fixed_rate,4,double,2,46,64,16,1,1517657.347826087,18397970.304347824,120180145.69565217,0.0,0.0
rate-controls,f64_d2_fixed_rate,4,queue,2,46,64,16,1,1495274.891304348,18342417.56521739,120186776.58695652,0.0,0.0
rate-controls,f64_d3_fixed_rate,4,double,0,116,64,16,1,1001126.9655172414,12802501.818965517,67945849.09482759,0.0,0.0
rate-controls,f64_d3_fixed_rate,4,queue,0,116,64,16,1,1028004.0775862068,12866482.543103449,67955199.81034483,0.0,0.0
rate-controls,f64_d3_fixed_rate,4,queue,1,116,64,16,1,1023469.1724137932,12854101.939655172,67950835.2413793,0.0,0.0
rate-controls,f64_d3_fixed_rate,4,double,1,116,64,16,1,1013354.1120689656,12845818.853448275,67946247.2413793,0.0,0.0
rate-controls,f64_d3_fixed_rate,4,double,2,116,64,16,1,1019455.974137931,12833509.73275862,67945297.81896552,0.0,0.0
rate-controls,f64_d3_fixed_rate,4,queue,2,116,64,16,1,1032708.9396551724,12870326.103448275,67953709.93103448,0.0,0.0
rate-controls,f64_d4_fixed_rate,4,double,0,106,64,16,1,1034436.6037735849,13914720.650943397,59977503.320754714,0.0,0.0
rate-controls,f64_d4_fixed_rate,4,queue,0,106,64,16,1,1050334.1226415094,14052928.113207547,59968206.62264151,0.0,0.0
rate-controls,f64_d4_fixed_rate,4,queue,1,106,64,16,1,1058072.641509434,14080979.726415094,59972824.97169811,0.0,0.0
rate-controls,f64_d4_fixed_rate,4,double,1,106,64,16,1,1043095.5283018867,13959726.320754716,59969066.62264151,0.0,0.0
rate-controls,f64_d4_fixed_rate,4,double,2,106,64,16,1,1040481.820754717,13977395.056603774,59971561.88679245,0.0,0.0
rate-controls,f64_d4_fixed_rate,4,queue,2,106,64,16,1,1055599.0283018867,14042874.886792453,59975099.36792453,0.0,0.0
rate-recheck,f64_d1_fixed_rate,4,double,0,60,64,16,1,3324166.5833333335,37483973.61666667,253119669.03333333,0.0,0.0
rate-recheck,f64_d1_fixed_rate,4,queue,0,60,64,16,1,3162100.2,37431058.75,253114941.18333334,0.0,0.0
rate-recheck,f64_d1_fixed_rate,4,queue,1,60,64,16,1,3019972.8666666667,37370440.15,253110400.65,0.0,0.0
rate-recheck,f64_d1_fixed_rate,4,double,1,60,64,16,1,3153492.533333333,37438343.43333333,253115203.18333334,0.0,0.0
rate-recheck,f64_d1_fixed_rate,4,double,2,60,64,16,1,3176804.8833333333,37412600.35,253116151.9,0.0,0.0
rate-recheck,f64_d1_fixed_rate,4,queue,2,60,64,16,1,2927464.65,37445998.833333336,253108296.25,0.0,0.0
